spectrum_#,spectrum_id,name,side,targetnum,ra,dec,i_mag,neel,sarayu,reagen,brenda
1.0,slitA001_SDSSJ112727.80+423334.3t100793.fits,SDSSJ112727.80+423334.3,A,13833,171.865839,42.559544,20.54,,0.3038,0.3038,0.3042
2.0,slitA002_SDSSJ112729.95+423256.8t100794.fits,SDSSJ112729.95+423256.8,A,13845,171.874831,42.549125,22.32,,?,?,
3.0,slitA003_SDSSJ112730.01+423245.6t100795.fits,SDSSJ112730.01+423245.6,A,13742,171.875056,42.546002,21.86,,0.5396,0.539,
4.0,slitA004_SDSSJ112726.53+423312.6t100796.fits,SDSSJ112726.53+423312.6,A,13946,171.860559,42.55351,21.67,,0.5215,0.521,
5.0,slitA005_SDSSJ112730.27+423214.9t100797.fits,SDSSJ112730.27+423214.9,A,13951,171.876135,42.537488,21.86,,0.541,0.54,
6.0,slitA006_SDSSJ112725.13+423306.7t100798.fits,SDSSJ112725.13+423306.7,A,13818,171.854709,42.551888,22.49,,0.6328,0.632,
7.0,slitA007_SDSSJ112729.87+423156.0t100799.fits,SDSSJ112729.87+423156.0,A,13752,171.874477,42.53224,23.26,re-try,0.488?,?,0.346?
8.0,slitA008_SDSSJ112722.99+423310.7t100800.fits,SDSSJ112722.99+423310.7,A,13774,171.845802,42.552978,22.86,re-try,0.473?,?,
9.0,slitA009_SDSSJ112731.60+423114.2t100801.fits,SDSSJ112731.60+423114.2,A,13853,171.881676,42.520636,21.24,,?,?,
10.0,slitA010_SDSSJ112741.23+422856.4t100802.fits,SDSSJ112741.23+422856.4,A,14025,171.921823,42.48236,22.49,,0.355?,?,
11.0,slitA011_SDSSJ112739.32+422909.9t100803.fits,SDSSJ112739.32+422909.9,A,13888,171.913857,42.486109,23.29,,?,?,
15.0,slitA015_SDSSJ112714.58+423328.6t100807.fits,SDSSJ112739.32+422909.9,A,13888,171.913857,42.486109,23.29,,0.367,0.367,0.368
12.0,slitA012_SDSSJ112733.25+423014.1t100804.fits,SDSSJ112733.25+423014.1,A,13992,171.888556,42.503943,22.91,,?,?,
14.0,slitA014_SDSSJ112717.17+423307.5t100806.fits,SDSSJ112733.25+423014.1,A,13992,171.888556,42.503943,22.91,,0.61,0.611,
16.0,slitA016_SDSSJ112738.49+422819.6t100808.fits,SDSSJ112733.25+423014.1,A,13992,171.888556,42.503943,22.91,re-try,0.4?,?,
13.0,slitA013_SDSSJ112739.18+422849.0t100805.fits,SDSSJ112739.18+422849.0,A,13881,171.913286,42.480294,22.72,,0.354?,?,
17.0,slitA017_109057t100809.fits,SDSSJ112739.18+422849.0,A,13881,171.913286,42.480294,22.72,,?,?,
18.0,slitA018_SDSSJ112715.04+423243.0t100810.fits,SDSSJ112717.17+423307.5,A,13653,171.82157,42.5521,22.19,,0.386,0.3852,0.3857
19.0,slitA019_SDSSJ112720.85+423120.7t100811.fits,SDSSJ112714.58+423328.6,A,13623,171.810762,42.557947,20.22,,?,?,
20.0,slitA020_SDSSJ112715.03+423220.4t100812.fits,SDSSJ112738.49+422819.6,A,14020,171.910375,42.472138,21.8,,0.5397,0.5395,
21.0,slitA021_113019t100813.fits,109057,A,138,171.833798,42.531462,19.15,,?,?,
22.0,slitA022_SDSSJ112720.50+423048.5t100814.fits,SDSSJ112715.04+423243.0,A,13707,171.81269,42.545279,22.32,,0.5077,0.508,0.5078
23.0,slitA023_SDSSJ112720.22+423041.1t100815.fits,SDSSJ112720.22+423041.1,A,13655,171.834265,42.511423,22.24,,0.2925,0.293,
24.0,slitA024_117738t100816.fits,117738,A,126,171.872757,42.476774,20.64,,0.3163,0.316,
25.0,slitA025_SDSSJ112733.38+422736.5t100817.fits,SDSSJ112733.38+422736.5,A,13842,171.889098,42.460154,22.04,,0.5444,0.5435,
26.0,slitA026_SDSSJ112721.88+422947.5t100818.fits,SDSSJ112721.88+422947.5,A,13663,171.84119,42.496532,22.1,,0.3473,0.3475,
27.0,slitA027_111497t100819.fits,111497,A,122,171.812306,42.516637,18.1,,?,?,
28.0,slitA028_151.0t100820.fits,151.0,A,119,171.832542,42.495339,20.7,,0.3493,0.3485,
29.0,slitA029_155.0t100821.fits,155.0,A,121,171.825954,42.497805,21.59,,0.5437,0.543,
30.0,slitA030_SDSSJ112717.77+422942.9t100822.fits,SDSSJ112717.77+422942.9,A,13624,171.824065,42.495253,22.8,,0.3725,0.3715,
31.0,slitA031_140.0t100823.fits,140.0,A,110,171.832362,42.485384,22.03,,,,
32.0,slitA032_149.0t100824.fits,149.0,A,117,171.819172,42.493214,20.82,,0.6226,0.6225,
33.0,slitA033_47.0t100825.fits,47.0,A,60,171.851315,42.463106,22.21,,,,
34.0,slitA034_r10t100826.fits,r10,A,24,171.825223,42.48053,21.21,,0.5523,0.352,
35.0,slitA035_133.0t100827.fits,133.0,A,104,171.818102,42.482599,20.72,,0.6196,0.619,
36.0,slitA036_r3t100828.fits,r3,A,16,171.818493,42.479138,20.02,,0.3848,0.388,0.339
37.0,slitA037_a111t100829.fits,a111,A,1,171.815782,42.478105,20.46,,?,?,
38.0,slitA038_tslrt100830.fits,tslr,A,2,171.815074,42.475128,23.21,,?,?,
39.0,slitA039_tsrrt100831.fits,tsrr,A,4,171.808669,42.47512,24.57,,0.3488,0.348,
40.0,slitA040_r9t100832.fits,r9,A,23,171.810456,42.468612,22.33,,?,?,
41.0,slitA041_r12t100833.fits,r12,A,26,171.80018,42.472843,19.19,,?,?,
42.0,slitA042_r13t100834.fits,r13,A,27,171.80315,42.467589,19.59,,0.3433,0.343,
43.0,slitA043_87.0t100835.fits,87.0,A,81,171.794292,42.471893,19.41,,0.3483,0.348,
44.0,slitA044_30.0t100836.fits,30.0,A,44,171.805645,42.459566,21.92,re-try,0.3442?,0.344,0.344?
45.0,slitA045_33.0t100837.fits,33.0,A,47,171.799671,42.460909,21.06,,0.3521,0.352,
46.0,slitA046_54.0t100838.fits,54.0,A,65,171.791196,42.464928,23.09,,?,?,
47.0,slitA047_81.0t100839.fits,81.0,A,77,171.780776,42.470464,20.75,,0.3478,0.348,
48.0,slitA048_1.0t100840.fits,1.0,A,29,171.80715,42.445832,19.81,,0.4093,0.409,0.41
49.0,slitA049_29.0t100841.fits,29.0,A,43,171.785346,42.459451,22.32,,?,?,
50.0,slitA050_r203t100842.fits,r203,A,8,171.765963,42.471183,20.27,do hw,0.4474,0.4475,
51.0,slitA051_r202t100843.fits,r202,A,7,171.762619,42.469892,20.27,,0.3441,0.344,
52.0,slitA052_r206t100844.fits,r206,A,11,171.75898,42.468459,20.05,,0.4469,0.4465,
53.0,slitA053_123.0t100845.fits,123.0,A,99,171.741853,42.479273,22.69,,?,?,
54.0,slitA054_20.0t100846.fits,20.0,A,36,171.766213,42.456326,21.68,re-try,0.4954?,?,
55.0,slitA055_109.0t100847.fits,109.0,A,94,171.736841,42.477223,20.91,,0.4125,0.411,
56.0,slitA056_28.0t100848.fits,28.0,A,42,171.753684,42.459667,21.9,re-try,0.7219?,0.723,
57.0,slitA057_9.0t100849.fits,9.0,A,31,171.757558,42.452935,22.87,,?,?,
58.0,slitA058_SDSSJ112701.09+422708.7t100850.fits,SDSSJ112701.09+422708.7,A,334,171.754573,42.452419,22.45,,0.4098,0.412,
58.0,slitA058_SDSSJ112701.09+422708.7t100850.fits,SDSSJ112701.09+422708.7,A,10339,171.754573,42.452419,22.45,,0.4098,0.412,
59.0,slitA059_SDSSJ112701.09+422708.7t100851.fits,SDSSJ112701.09+422708.7,A,334,171.754573,42.452419,22.45,,0.41,0.41,
59.0,slitA059_SDSSJ112701.09+422708.7t100851.fits,SDSSJ112701.09+422708.7,A,10339,171.754573,42.452419,22.45,,0.41,0.41,
60.0,slitA060_23.0t100852.fits,23.0,A,38,171.742324,42.456652,21.86,re-try,0.6203,0.62,?
61.0,slitA061_SDSSJ112708.84+422500.8t100853.fits,SDSSJ112708.84+422500.8,A,1087,171.786834,42.416916,22.73,re-try,0.5437?,?,?
61.0,slitA061_SDSSJ112708.84+422500.8t100853.fits,SDSSJ112708.84+422500.8,A,11101,171.786834,42.416916,22.73,re-try,0.5437?,?,?
62.0,slitA062_SDSSJ112708.84+422500.8t100854.fits,SDSSJ112708.84+422500.8,A,1087,171.786834,42.416916,22.73,re-try,0.5437?,?,?
62.0,slitA062_SDSSJ112708.84+422500.8t100854.fits,SDSSJ112708.84+422500.8,A,11101,171.786834,42.416916,22.73,re-try,0.5437?,?,?
63.0,slitA063_SDSSJ112700.51+422632.1t100855.fits,SDSSJ112700.51+422632.1,A,331,171.75216,42.442259,20.98,re-try,0.3471,0.347,?
63.0,slitA063_SDSSJ112700.51+422632.1t100855.fits,SDSSJ112700.51+422632.1,A,10336,171.75216,42.442259,20.98,re-try,0.3471,0.347,?
64.0,slitA064_SDSSJ112700.51+422632.1t100856.fits,SDSSJ112700.51+422632.1,A,331,171.75216,42.442259,20.98,re-try,0.3471,0.347,?
64.0,slitA064_SDSSJ112700.51+422632.1t100856.fits,SDSSJ112700.51+422632.1,A,10336,171.75216,42.442259,20.98,re-try,0.3471,0.347,?
65.0,slitA065_SDSSJ112706.07+422513.6t100857.fits,SDSSJ112706.07+422513.6,A,980,171.77531,42.420446,21.99,,0.4405,0.44,
65.0,slitA065_SDSSJ112706.07+422513.6t100857.fits,SDSSJ112706.07+422513.6,A,10994,171.77531,42.420446,21.99,,0.4405,0.44,
66.0,slitA066_SDSSJ112706.07+422513.6t100858.fits,SDSSJ112706.07+422513.6,A,980,171.77531,42.420446,21.99,re-try,0.4405,0.44,
66.0,slitA066_SDSSJ112706.07+422513.6t100858.fits,SDSSJ112706.07+422513.6,A,10994,171.77531,42.420446,21.99,re-try,0.4405,0.44,
67.0,slitA067_SDSSJ112648.84+422833.0t100859.fits,SDSSJ112648.84+422833.0,A,150,171.703536,42.475852,20.42,,0.4712,0.4715,
67.0,slitA067_SDSSJ112648.84+422833.0t100859.fits,SDSSJ112648.84+422833.0,A,10150,171.703536,42.475852,20.42,,0.4712,0.4715,
68.0,slitA068_SDSSJ112648.84+422833.0t100860.fits,SDSSJ112648.84+422833.0,A,150,171.703536,42.475852,20.42,similar to before,0.4712,0.4715,
68.0,slitA068_SDSSJ112648.84+422833.0t100860.fits,SDSSJ112648.84+422833.0,A,10150,171.703536,42.475852,20.42,similar to before,0.4712,0.4715,
69.0,slitA069_SDSSJ112714.56+422306.4t100861.fits,SDSSJ112714.56+422306.4,A,1014,171.810686,42.385134,20.07,,0.3739,0.373,
69.0,slitA069_SDSSJ112714.56+422306.4t100861.fits,SDSSJ112714.56+422306.4,A,11028,171.810686,42.385134,20.07,,0.3739,0.373,
70.0,slitA070_SDSSJ112714.56+422306.4t100862.fits,SDSSJ112714.56+422306.4,A,1014,171.810686,42.385134,20.07,similar to before,0.3739,0.3732,
70.0,slitA070_SDSSJ112714.56+422306.4t100862.fits,SDSSJ112714.56+422306.4,A,11028,171.810686,42.385134,20.07,similar to before,0.3739,0.3732,
71.0,slitA071_SDSSJ112704.42+422500.0t100863.fits,SDSSJ112704.42+422500.0,A,974,171.768425,42.41669,22.27,,0.342,0.3425,
71.0,slitA071_SDSSJ112704.42+422500.0t100863.fits,SDSSJ112704.42+422500.0,A,10988,171.768425,42.41669,22.27,,0.342,0.3425,
72.0,slitA072_SDSSJ112704.42+422500.0t100864.fits,SDSSJ112704.42+422500.0,A,974,171.768425,42.41669,22.27,similar to before,0.342,0.3425,
72.0,slitA072_SDSSJ112704.42+422500.0t100864.fits,SDSSJ112704.42+422500.0,A,10988,171.768425,42.41669,22.27,similar to before,0.342,0.3425,
73.0,slitA073_SDSSJ112706.63+422422.3t100865.fits,SDSSJ112706.63+422422.3,A,913,171.777661,42.406222,21.46,,0.4104,0.4105,
73.0,slitA073_SDSSJ112706.63+422422.3t100865.fits,SDSSJ112706.63+422422.3,A,10927,171.777661,42.406222,21.46,,0.4104,0.4105,
74.0,slitA074_SDSSJ112706.63+422422.3t100866.fits,SDSSJ112706.63+422422.3,A,913,171.777661,42.406222,21.46,similar to before,0.4104,0.4105,
74.0,slitA074_SDSSJ112706.63+422422.3t100866.fits,SDSSJ112706.63+422422.3,A,10927,171.777661,42.406222,21.46,similar to before,0.4104,0.4105,
75.0,slitA075_SDSSJ112651.19+422720.3t100867.fits,SDSSJ112651.19+422720.3,A,290,171.713313,42.455652,18.55,re-try,0.3889,0.325,
75.0,slitA075_SDSSJ112651.19+422720.3t100867.fits,SDSSJ112651.19+422720.3,A,10295,171.713313,42.455652,18.55,re-try,0.3889,0.325,
76.0,slitA076_SDSSJ112651.19+422720.3t100868.fits,SDSSJ112651.19+422720.3,A,290,171.713313,42.455652,18.55,similar to before,0.3889,0.335,
76.0,slitA076_SDSSJ112651.19+422720.3t100868.fits,SDSSJ112651.19+422720.3,A,10295,171.713313,42.455652,18.55,similar to before,0.3889,0.335,
77.0,slitA077_SDSSJ112645.72+422815.6t100869.fits,SDSSJ112645.72+422815.6,A,10152,171.690539,42.471015,17.5,,0.1206,0.121,
78.0,slitA078_SDSSJ112647.64+422741.8t100870.fits,SDSSJ112647.64+422741.8,A,299,171.698524,42.461638,20.23,,0.2753,0.275,
78.0,slitA078_SDSSJ112647.64+422741.8t100870.fits,SDSSJ112647.64+422741.8,A,10304,171.698524,42.461638,20.23,,0.2753,0.275,
79.0,slitA079_SDSSJ112647.64+422741.8t100871.fits,SDSSJ112647.64+422741.8,A,299,171.698524,42.461638,20.23,similar to before,0.2753,0.274,
79.0,slitA079_SDSSJ112647.64+422741.8t100871.fits,SDSSJ112647.64+422741.8,A,10304,171.698524,42.461638,20.23,similar to before,0.2753,0.274,
80.0,slitA080_SDSSJ112702.02+422433.7t100872.fits,SDSSJ112702.02+422433.7,A,966,171.758418,42.409386,21.56,,?,?,
80.0,slitA080_SDSSJ112702.02+422433.7t100872.fits,SDSSJ112702.02+422433.7,A,10980,171.758418,42.409386,21.56,,?,?,
81.0,slitA081_SDSSJ112702.02+422433.7t100873.fits,SDSSJ112702.02+422433.7,A,966,171.758418,42.409386,21.56,,?,?,
81.0,slitA081_SDSSJ112702.02+422433.7t100873.fits,SDSSJ112702.02+422433.7,A,10980,171.758418,42.409386,21.56,,?,?,
82.0,slitA082_SDSSJ112704.00+422355.4t100874.fits,SDSSJ112704.00+422355.4,A,921,171.766675,42.398738,24.94,,?,?,
82.0,slitA082_SDSSJ112704.00+422355.4t100874.fits,SDSSJ112704.00+422355.4,A,10935,171.766675,42.398738,24.94,,?,?,
83.0,slitA083_SDSSJ112704.00+422355.4t100875.fits,SDSSJ112704.00+422355.4,A,921,171.766675,42.398738,24.94,re-try,0.371?,?,
83.0,slitA083_SDSSJ112704.00+422355.4t100875.fits,SDSSJ112704.00+422355.4,A,10935,171.766675,42.398738,24.94,re-try,0.371?,?,
84.0,slitA084_SDSSJ112659.22+422443.0t100876.fits,SDSSJ112659.22+422443.0,A,959,171.746757,42.411949,21.94,re-try,0.707?,?,
84.0,slitA084_SDSSJ112659.22+422443.0t100876.fits,SDSSJ112659.22+422443.0,A,10973,171.746757,42.411949,21.94,re-try,0.707?,?,
85.0,slitA085_SDSSJ112659.22+422443.0t100877.fits,SDSSJ112659.22+422443.0,A,959,171.746757,42.411949,21.94,similar to before,0.707?,?,
85.0,slitA085_SDSSJ112659.22+422443.0t100877.fits,SDSSJ112659.22+422443.0,A,10973,171.746757,42.411949,21.94,similar to before,0.707?,?,
86.0,slitA086_SDSSJ112653.52+422540.8t100878.fits,SDSSJ112653.52+422540.8,A,231,171.723006,42.428012,22.59,,0.762,?,
86.0,slitA086_SDSSJ112653.52+422540.8t100878.fits,SDSSJ112653.52+422540.8,A,10234,171.723006,42.428012,22.59,,0.762,?,
87.0,slitA087_SDSSJ112653.52+422540.8t100879.fits,SDSSJ112653.52+422540.8,A,231,171.723006,42.428012,22.59,,0.762,?,
87.0,slitA087_SDSSJ112653.52+422540.8t100879.fits,SDSSJ112653.52+422540.8,A,10234,171.723006,42.428012,22.59,,0.762,?,
88.0,slitA088_SDSSJ112654.60+422513.3t100880.fits,SDSSJ112654.60+422513.3,A,192,171.727538,42.420364,21.44,,?,?,
88.0,slitA088_SDSSJ112654.60+422513.3t100880.fits,SDSSJ112654.60+422513.3,A,10193,171.727538,42.420364,21.44,,?,?,
89.0,slitA089_SDSSJ112654.60+422513.3t100881.fits,SDSSJ112654.60+422513.3,A,192,171.727538,42.420364,21.44,,?,?,
89.0,slitA089_SDSSJ112654.60+422513.3t100881.fits,SDSSJ112654.60+422513.3,A,10193,171.727538,42.420364,21.44,,?,?,
90.0,slitA090_SDSSJ112654.80+422500.7t100882.fits,SDSSJ112654.80+422500.7,A,184,171.728334,42.416874,23.33,,?,?,
90.0,slitA090_SDSSJ112654.80+422500.7t100882.fits,SDSSJ112654.80+422500.7,A,10185,171.728334,42.416874,23.33,,?,?,
91.0,slitA091_SDSSJ112654.80+422500.7t100883.fits,SDSSJ112654.80+422500.7,A,184,171.728334,42.416874,23.33,,?,?,
91.0,slitA091_SDSSJ112654.80+422500.7t100883.fits,SDSSJ112654.80+422500.7,A,10185,171.728334,42.416874,23.33,,?,?,
92.0,slitA092_SDSSJ112701.57+422326.4t100884.fits,SDSSJ112701.57+422326.4,A,961,171.756543,42.390675,20.46,,0.406? / 0.3464,0.347,
92.0,slitA092_SDSSJ112701.57+422326.4t100884.fits,SDSSJ112701.57+422326.4,A,10975,171.756543,42.390675,20.46,,0.406? / 0.3464,0.347,
93.0,slitA093_SDSSJ112701.57+422326.4t100885.fits,SDSSJ112701.57+422326.4,A,961,171.756543,42.390675,20.46,similar to before,0.406? / 0.3464,0.346,
93.0,slitA093_SDSSJ112701.57+422326.4t100885.fits,SDSSJ112701.57+422326.4,A,10975,171.756543,42.390675,20.46,similar to before,0.406? / 0.3464,0.346,
94.0,slitA094_SDSSJ112646.07+422622.8t100886.fits,SDSSJ112646.07+422622.8,A,221,171.691981,42.439677,20.92,,?,?,
94.0,slitA094_SDSSJ112646.07+422622.8t100886.fits,SDSSJ112646.07+422622.8,A,10224,171.691981,42.439677,20.92,,?,?,
95.0,slitA095_SDSSJ112646.07+422622.8t100887.fits,SDSSJ112646.07+422622.8,A,221,171.691981,42.439677,20.92,,?,?,
95.0,slitA095_SDSSJ112646.07+422622.8t100887.fits,SDSSJ112646.07+422622.8,A,10224,171.691981,42.439677,20.92,,?,?,
96.0,slitA096_SDSSJ112647.99+422547.7t100888.fits,SDSSJ112647.99+422547.7,A,226,171.699998,42.429921,19.61,,?,?,
96.0,slitA096_SDSSJ112647.99+422547.7t100888.fits,SDSSJ112647.99+422547.7,A,10229,171.699998,42.429921,19.61,,?,?,
97.0,slitA097_SDSSJ112647.99+422547.7t100889.fits,SDSSJ112647.99+422547.7,A,226,171.699998,42.429921,19.61,,?,?,
97.0,slitA097_SDSSJ112647.99+422547.7t100889.fits,SDSSJ112647.99+422547.7,A,10229,171.699998,42.429921,19.61,,?,?,
98.0,slitA098_SDSSJ112705.66+422157.1t100890.fits,SDSSJ112705.66+422157.1,A,767,171.773611,42.365866,19.31,,0.2516,0.251,
98.0,slitA098_SDSSJ112705.66+422157.1t100890.fits,SDSSJ112705.66+422157.1,A,10636,171.773611,42.365866,19.31,,0.2516,0.251,
99.0,slitA099_SDSSJ112705.66+422157.1t100891.fits,SDSSJ112705.66+422157.1,A,767,171.773611,42.365866,19.31,similar to before,0.2516,0.251,
99.0,slitA099_SDSSJ112705.66+422157.1t100891.fits,SDSSJ112705.66+422157.1,A,10636,171.773611,42.365866,19.31,similar to before,0.2516,0.251,
100.0,slitA100_SDSSJ112706.15+422138.7t100892.fits,SDSSJ112706.15+422138.7,A,779,171.775663,42.36077,21.7,,0.1889,0.188,
100.0,slitA100_SDSSJ112706.15+422138.7t100892.fits,SDSSJ112706.15+422138.7,A,10648,171.775663,42.36077,21.7,,0.1889,0.188,
101.0,slitA101_SDSSJ112706.15+422138.7t100893.fits,SDSSJ112706.15+422138.7,A,779,171.775663,42.36077,21.7,similar to before?,0.1889,0.188,
101.0,slitA101_SDSSJ112706.15+422138.7t100893.fits,SDSSJ112706.15+422138.7,A,10648,171.775663,42.36077,21.7,similar to before?,0.1889,0.188,
102.0,slitA102_SDSSJ112647.25+422516.3t100894.fits,SDSSJ112647.25+422516.3,A,222,171.696906,42.421222,22.52,re-try,0.508?,?,
102.0,slitA102_SDSSJ112647.25+422516.3t100894.fits,SDSSJ112647.25+422516.3,A,10225,171.696906,42.421222,22.52,re-try,0.508?,?,
103.0,slitA103_SDSSJ112647.25+422516.3t100895.fits,SDSSJ112647.25+422516.3,A,222,171.696906,42.421222,22.52,re-try (similar to before),0.508?,?,
103.0,slitA103_SDSSJ112647.25+422516.3t100895.fits,SDSSJ112647.25+422516.3,A,10225,171.696906,42.421222,22.52,re-try (similar to before),0.508?,?,
104.0,slitA104_SDSSJ112648.23+422453.4t100896.fits,SDSSJ112648.23+422453.4,A,167,171.70099,42.414856,18.35,,?,?,
104.0,slitA104_SDSSJ112648.23+422453.4t100896.fits,SDSSJ112648.23+422453.4,A,10168,171.70099,42.414856,18.35,,?,?,
105.0,slitA105_SDSSJ112648.23+422453.4t100897.fits,SDSSJ112648.23+422453.4,A,167,171.70099,42.414856,18.35,,?,?,
105.0,slitA105_SDSSJ112648.23+422453.4t100897.fits,SDSSJ112648.23+422453.4,A,10168,171.70099,42.414856,18.35,,?,?,
106.0,slitA106_SDSSJ112651.36+422401.3t100898.fits,SDSSJ112651.36+422401.3,A,1045,171.714039,42.400379,21.57,,0.545,0.545,
106.0,slitA106_SDSSJ112651.36+422401.3t100898.fits,SDSSJ112651.36+422401.3,A,11059,171.714039,42.400379,21.57,,0.545,0.545,
107.0,slitA107_SDSSJ112651.36+422401.3t100899.fits,SDSSJ112651.36+422401.3,A,1045,171.714039,42.400379,21.57,similar to before,0.544,0.544,
107.0,slitA107_SDSSJ112651.36+422401.3t100899.fits,SDSSJ112651.36+422401.3,A,11059,171.714039,42.400379,21.57,similar to before,0.544,0.544,
108.0,slitA108_SDSSJ112658.70+422216.8t100900.fits,SDSSJ112658.70+422216.8,A,953,171.744607,42.371345,22.99,,?,?,
108.0,slitA108_SDSSJ112658.70+422216.8t100900.fits,SDSSJ112658.70+422216.8,A,10967,171.744607,42.371345,22.99,,?,?,
109.0,slitA109_SDSSJ112658.70+422216.8t100901.fits,SDSSJ112658.70+422216.8,A,953,171.744607,42.371345,22.99,,?,?,
109.0,slitA109_SDSSJ112658.70+422216.8t100901.fits,SDSSJ112658.70+422216.8,A,10967,171.744607,42.371345,22.99,,?,?,
110.0,slitA110_SDSSJ112656.81+422229.4t100902.fits,SDSSJ112656.81+422229.4,A,1048,171.736743,42.374852,21.78,,0.8144,0.815,
110.0,slitA110_SDSSJ112656.81+422229.4t100902.fits,SDSSJ112656.81+422229.4,A,11062,171.736743,42.374852,21.78,,0.8144,0.815,
111.0,slitA111_SDSSJ112656.81+422229.4t100903.fits,SDSSJ112656.81+422229.4,A,1048,171.736743,42.374852,21.78,similar to before,0.815,0.815,
111.0,slitA111_SDSSJ112656.81+422229.4t100903.fits,SDSSJ112656.81+422229.4,A,11062,171.736743,42.374852,21.78,similar to before,0.815,0.815,
112.0,slitA112_SDSSJ112650.05+422340.6t100904.fits,SDSSJ112650.05+422340.6,A,946,171.708558,42.39463,21.37,,0.3482,0.348,
112.0,slitA112_SDSSJ112650.05+422340.6t100904.fits,SDSSJ112650.05+422340.6,A,10960,171.708558,42.39463,21.37,,0.3482,0.348,
113.0,slitA113_SDSSJ112650.05+422340.6t100905.fits,SDSSJ112650.05+422340.6,A,946,171.708558,42.39463,21.37,similar to before,0.348,0.348,
113.0,slitA113_SDSSJ112650.05+422340.6t100905.fits,SDSSJ112650.05+422340.6,A,10960,171.708558,42.39463,21.37,similar to before,0.348,0.348,
114.0,slitA114_SDSSJ112653.94+422241.9t100906.fits,SDSSJ112653.94+422241.9,A,948,171.724755,42.378309,20.74,,0.2929,0.292,
114.0,slitA114_SDSSJ112653.94+422241.9t100906.fits,SDSSJ112653.94+422241.9,A,10962,171.724755,42.378309,20.74,,0.2929,0.292,
115.0,slitA115_SDSSJ112653.94+422241.9t100907.fits,SDSSJ112653.94+422241.9,A,948,171.724755,42.378309,20.74,similar to before,0.2929,0.292,
115.0,slitA115_SDSSJ112653.94+422241.9t100907.fits,SDSSJ112653.94+422241.9,A,10962,171.724755,42.378309,20.74,similar to before,0.2929,0.292,
116.0,slitA116_SDSSJ112656.37+422159.1t100908.fits,SDSSJ112656.37+422159.1,A,395,171.734886,42.366442,20.79,,?,?,
116.0,slitA116_SDSSJ112656.37+422159.1t100908.fits,SDSSJ112656.37+422159.1,A,10400,171.734886,42.366442,20.79,,?,?,
117.0,slitA117_SDSSJ112656.37+422159.1t100909.fits,SDSSJ112656.37+422159.1,A,395,171.734886,42.366442,20.79,,?,?,
117.0,slitA117_SDSSJ112656.37+422159.1t100909.fits,SDSSJ112656.37+422159.1,A,10400,171.734886,42.366442,20.79,,?,?,
118.0,slitA118_SDSSJ112647.11+422342.4t100910.fits,SDSSJ112647.11+422342.4,A,1076,171.696319,42.395133,23.27,re-try,0.6595,?,
118.0,slitA118_SDSSJ112647.11+422342.4t100910.fits,SDSSJ112647.11+422342.4,A,11090,171.696319,42.395133,23.27,re-try,0.6595,?,
119.0,slitA119_SDSSJ112647.11+422342.4t100911.fits,SDSSJ112647.11+422342.4,A,1076,171.696319,42.395133,23.27,similar to before,0.6595,?,
119.0,slitA119_SDSSJ112647.11+422342.4t100911.fits,SDSSJ112647.11+422342.4,A,11090,171.696319,42.395133,23.27,similar to before,0.6595,?,
120.0,slitA120_SDSSJ112700.01+422053.7t100912.fits,SDSSJ112700.01+422053.7,A,484,171.750055,42.348255,22.17,,?,0.312,
120.0,slitA120_SDSSJ112700.01+422053.7t100912.fits,SDSSJ112700.01+422053.7,A,10489,171.750055,42.348255,22.17,,?,0.312,
121.0,slitA121_SDSSJ112700.01+422053.7t100913.fits,SDSSJ112700.01+422053.7,A,484,171.750055,42.348255,22.17,?,0.297?,0.312?,
121.0,slitA121_SDSSJ112700.01+422053.7t100913.fits,SDSSJ112700.01+422053.7,A,10489,171.750055,42.348255,22.17,?,0.297?,0.312?,
122.0,slitA122_SDSSJ112657.92+422100.3t100914.fits,SDSSJ112657.92+422100.3,A,478,171.741349,42.350091,22.07,,?,?,
122.0,slitA122_SDSSJ112657.92+422100.3t100914.fits,SDSSJ112657.92+422100.3,A,10483,171.741349,42.350091,22.07,,?,?,
123.0,slitA123_SDSSJ112657.92+422100.3t100915.fits,SDSSJ112657.92+422100.3,A,478,171.741349,42.350091,22.07,,?,?,
123.0,slitA123_SDSSJ112657.92+422100.3t100915.fits,SDSSJ112657.92+422100.3,A,10483,171.741349,42.350091,22.07,,?,?,
124.0,slitA124_SDSSJ112651.81+422202.5t100916.fits,SDSSJ112651.81+422202.5,A,587,171.715884,42.367363,23.12,show,0.573?,?,
124.0,slitA124_SDSSJ112651.81+422202.5t100916.fits,SDSSJ112651.81+422202.5,A,10592,171.715884,42.367363,23.12,show,0.573?,?,
125.0,slitA125_SDSSJ112651.81+422202.5t100917.fits,SDSSJ112651.81+422202.5,A,587,171.715884,42.367363,23.12,similar to before,0.573?,0.573?,
125.0,slitA125_SDSSJ112651.81+422202.5t100917.fits,SDSSJ112651.81+422202.5,A,10592,171.715884,42.367363,23.12,similar to before,0.573?,0.573?,
126.0,slitA126_SDSSJ112652.55+422140.9t100918.fits,SDSSJ112652.55+422140.9,A,472,171.718997,42.361362,21.16,show,0.411,0.41,
126.0,slitA126_SDSSJ112652.55+422140.9t100918.fits,SDSSJ112652.55+422140.9,A,10477,171.718997,42.361362,21.16,show,0.411,0.41,
127.0,slitA127_SDSSJ112652.55+422140.9t100919.fits,SDSSJ112652.55+422140.9,A,472,171.718997,42.361362,21.16,similar to before,0.411,0.41,
127.0,slitA127_SDSSJ112652.55+422140.9t100919.fits,SDSSJ112652.55+422140.9,A,10477,171.718997,42.361362,21.16,similar to before,0.411,0.41,
128.0,slitA128_SDSSJ112645.60+422255.1t100920.fits,SDSSJ112645.60+422255.1,A,574,171.690016,42.381976,22.4,,?,?,
128.0,slitA128_SDSSJ112645.60+422255.1t100920.fits,SDSSJ112645.60+422255.1,A,10579,171.690016,42.381976,22.4,,?,?,
129.0,slitA129_SDSSJ112645.60+422255.1t100921.fits,SDSSJ112645.60+422255.1,A,574,171.690016,42.381976,22.4,,?,?,
129.0,slitA129_SDSSJ112645.60+422255.1t100921.fits,SDSSJ112645.60+422255.1,A,10579,171.690016,42.381976,22.4,,?,?,
130.0,slitA130_SDSSJ112652.59+422118.9t100922.fits,SDSSJ112652.59+422118.9,A,505,171.719163,42.355261,22.66,,?,?,
130.0,slitA130_SDSSJ112652.59+422118.9t100922.fits,SDSSJ112652.59+422118.9,A,10510,171.719163,42.355261,22.66,,?,?,
131.0,slitA131_SDSSJ112652.59+422118.9t100923.fits,SDSSJ112652.59+422118.9,A,505,171.719163,42.355261,22.66,,?,?,
131.0,slitA131_SDSSJ112652.59+422118.9t100923.fits,SDSSJ112652.59+422118.9,A,10510,171.719163,42.355261,22.66,,?,?,
132.0,slitA132_SDSSJ112639.88+422344.3t100924.fits,SDSSJ112639.88+422344.3,A,3205,171.666172,42.395642,21.97,show,0.1997,0.1995,
133.0,slitA133_SDSSJ112643.49+422247.8t100925.fits,SDSSJ112643.49+422247.8,A,3202,171.681227,42.379956,19.97,,?,?,
134.0,slitA134_SDSSJ112636.19+422407.2t100926.fits,SDSSJ112636.19+422407.2,A,3180,171.650815,42.402004,22.65,,?,?,
135.0,slitA135_SDSSJ112648.88+422118.5t100927.fits,SDSSJ112648.88+422118.5,A,405,171.703707,42.355149,20.67,show,0.4121,0.412,
135.0,slitA135_SDSSJ112648.88+422118.5t100927.fits,SDSSJ112648.88+422118.5,A,10410,171.703707,42.355149,20.67,show,0.4121,0.412,
136.0,slitA136_SDSSJ112648.88+422118.5t100928.fits,SDSSJ112648.88+422118.5,A,405,171.703707,42.355149,20.67,similar to before,0.4121,0.412,
136.0,slitA136_SDSSJ112648.88+422118.5t100928.fits,SDSSJ112648.88+422118.5,A,10410,171.703707,42.355149,20.67,similar to before,0.4121,0.412,
137.0,slitA137_SDSSJ112647.94+422116.2t100929.fits,SDSSJ112647.94+422116.2,A,460,171.699773,42.354526,21.22,show,0.409,0.409,
137.0,slitA137_SDSSJ112647.94+422116.2t100929.fits,SDSSJ112647.94+422116.2,A,10465,171.699773,42.354526,21.22,show,0.409,0.409,
138.0,slitA138_SDSSJ112647.94+422116.2t100930.fits,SDSSJ112647.94+422116.2,A,460,171.699773,42.354526,21.22,similar to before,0.4096,0.409,
138.0,slitA138_SDSSJ112647.94+422116.2t100930.fits,SDSSJ112647.94+422116.2,A,10465,171.699773,42.354526,21.22,similar to before,0.4096,0.409,
139.0,slitA139_SDSSJ112653.28+421959.1t100931.fits,SDSSJ112653.28+421959.1,A,471,171.722012,42.333086,22.56,show,0.6825,0.682,
139.0,slitA139_SDSSJ112653.28+421959.1t100931.fits,SDSSJ112653.28+421959.1,A,10476,171.722012,42.333086,22.56,show,0.6825,0.682,
140.0,slitA140_SDSSJ112653.28+421959.1t100932.fits,SDSSJ112653.28+421959.1,A,471,171.722012,42.333086,22.56,similar to before,0.6825,0.6825,
140.0,slitA140_SDSSJ112653.28+421959.1t100932.fits,SDSSJ112653.28+421959.1,A,10476,171.722012,42.333086,22.56,similar to before,0.6825,0.6825,
141.0,slitA141_SDSSJ112633.12+422351.5t100933.fits,SDSSJ112633.12+422351.5,A,3128,171.638011,42.397647,20.48,show,0.28,0.28,
142.0,slitA142_SDSSJ112633.47+422336.1t100934.fits,SDSSJ112633.47+422336.1,A,3125,171.639477,42.393384,21.26,,?,?,
143.0,slitA143_SDSSJ112636.34+422250.5t100935.fits,SDSSJ112636.34+422250.5,A,3178,171.651449,42.380722,22.62,,?,?,
144.0,slitA144_SDSSJ112634.04+422307.6t100936.fits,SDSSJ112634.04+422307.6,A,2992,171.641859,42.38546,19.53,,?,?,
145.0,slitA145_SDSSJ112634.62+422250.3t100937.fits,SDSSJ112634.62+422250.3,A,2996,171.64428,42.380662,18.86,show,0.1932,0.194,
146.0,slitA146_SDSSJ112632.74+422301.2t100938.fits,SDSSJ112632.74+422301.2,A,3009,171.63645,42.38367,24.28,show,0.3236,?,
147.0,slitA147_SDSSJ112625.40+422417.8t100939.fits,SDSSJ112625.40+422417.8,A,2989,171.605863,42.404972,22.76,show,0.3495,0.349,
148.0,slitA148_SDSSJ112623.73+422427.6t100940.fits,SDSSJ112623.73+422427.6,A,3102,171.598876,42.407679,20.39,,0.349,0.349,
149.0,slitB001_SDSSJ112708.91+423720.0t100941,SDSSJ112708.91+423720.0,B,12956,171.787139,42.622237,22.94,,?,?,
150.0,slitB002_SDSSJ112707.04+423730.3t100942,SDSSJ112707.04+423730.3,B,12979,171.779359,42.625106,21.44,,,?,
151.0,slitB003_SDSSJ112652.35+424017.1t100943,SDSSJ112652.35+424017.1,B,12764,171.718155,42.671442,22.0,,,?,
152.0,slitB004_SDSSJ112645.40+424129.3t100944,SDSSJ112645.40+424129.3,B,12644,171.689205,42.691476,24.64,,,?,
153.0,slitB005_SDSSJ112640.10+424223.0t100945,SDSSJ112640.10+424223.0,B,12713,171.667112,42.706405,22.12,,,?,
154.0,slitB006_SDSSJ112702.21+423742.2t100946,SDSSJ112702.21+423742.2,B,12804,171.759233,42.628407,20.27,,,?,
155.0,slitB007_SDSSJ112647.12+424034.7t100947,SDSSJ112647.12+424034.7,B,12670,171.696361,42.676311,18.69,0.2517,,0.25,
156.0,slitB008_SDSSJ112703.61+423701.0t100948,SDSSJ112703.61+423701.0,B,12807,171.76505,42.616948,23.24,,,?,
157.0,slitB009_SDSSJ112659.45+423739.7t100949,SDSSJ112659.45+423739.7,B,12887,171.747742,42.627702,21.92,,,?,
158.0,slitB010_SDSSJ112650.80+423915.3t100950,SDSSJ112650.80+423915.3,B,12753,171.711702,42.654254,21.86,,,?,
159.0,slitB011_SDSSJ112645.43+424010.0t100951,SDSSJ112645.43+424010.0,B,12725,171.689333,42.669465,22.75,,,?,
160.0,slitB012_SDSSJ112650.28+423900.8t100952,SDSSJ112650.28+423900.8,B,12749,171.709516,42.650241,21.94,,,?,
161.0,slitB013_SDSSJ112649.65+423852.4t100953,SDSSJ112649.65+423852.4,B,12741,171.706898,42.647897,18.85,,,?,
162.0,slitB014_SDSSJ112656.15+423721.4t100954,SDSSJ112656.15+423721.4,B,11384,171.733988,42.622638,22.03,?,,0.185,
163.0,slitB015_SDSSJ112650.51+423816.4t100955,SDSSJ112650.51+423816.4,B,12876,171.710484,42.637914,22.26,,,?,
164.0,slitB016_SDSSJ112656.45+423653.2t100956,SDSSJ112656.45+423653.2,B,11468,171.735218,42.614801,23.78,,,?,
165.0,slitB017_SDSSJ112649.14+423812.1t100957,SDSSJ112649.14+423812.1,B,12875,171.704769,42.636714,22.14,,,?,
166.0,slitB018_SDSSJ112652.45+423720.5t100958,SDSSJ112652.45+423720.5,B,11380,171.718581,42.622363,20.79,,,?,
167.0,slitB019_SDSSJ112636.95+424019.2t100959,SDSSJ112636.95+424019.2,B,12859,171.653997,42.672005,21.21,,,?,
168.0,slitB020_SDSSJ112647.93+423754.2t100960,SDSSJ112647.93+423754.2,B,11440,171.699725,42.631745,21.96,,,?,
169.0,slitB021_SDSSJ112655.92+423606.0t100961,SDSSJ112655.92+423606.0,B,11473,171.733002,42.601671,24.92,,,?,
170.0,slitB022_SDSSJ112631.60+424052.7t100962,SDSSJ112631.60+424052.7,B,5857,171.631697,42.681318,22.03,0.275,,0.274,
170.0,slitB022_SDSSJ112631.60+424052.7t100962,SDSSJ112631.60+424052.7,B,16039,171.631697,42.681318,22.03,0.275,,0.274,
171.0,slitB023_SDSSJ112631.60+424052.7t100963,SDSSJ112631.60+424052.7,B,5857,171.631697,42.681318,22.03,0.275,,0.274,
171.0,slitB023_SDSSJ112631.60+424052.7t100963,SDSSJ112631.60+424052.7,B,16039,171.631697,42.681318,22.03,0.275,,0.274,
172.0,slitB024_SDSSJ112637.95+423923.9t100964,SDSSJ112637.95+423923.9,B,12699,171.658147,42.656658,21.65,0.168,,0.147,
173.0,slitB025_SDSSJ112631.34+424031.9t100965,SDSSJ112631.34+424031.9,B,5899,171.630594,42.675546,21.58,,,?,
173.0,slitB025_SDSSJ112631.34+424031.9t100965,SDSSJ112631.34+424031.9,B,16081,171.630594,42.675546,21.58,,,?,
174.0,slitB026_SDSSJ112631.34+424031.9t100966,SDSSJ112631.34+424031.9,B,5899,171.630594,42.675546,21.58,,,?,
174.0,slitB026_SDSSJ112631.34+424031.9t100966,SDSSJ112631.34+424031.9,B,16081,171.630594,42.675546,21.58,,,?,
175.0,slitB027_SDSSJ112655.44+423526.9t100967,SDSSJ112655.44+423526.9,B,11333,171.731038,42.590817,20.3,,,?,
176.0,slitB028_SDSSJ112637.25+423856.1t100968,SDSSJ112637.25+423856.1,B,11324,171.655246,42.648933,19.31,,,?,
177.0,slitB029_SDSSJ112650.99+423553.3t100969,SDSSJ112650.99+423553.3,B,11329,171.71246,42.598144,21.37,,,?,
178.0,slitB030_SDSSJ112644.87+423656.8t100970,SDSSJ112644.87+423656.8,B,11328,171.686965,42.615799,19.19,,,?,
179.0,slitB031_SDSSJ112634.56+423852.1t100971,SDSSJ112634.56+423852.1,B,5874,171.64404,42.647823,19.74,0.2785,,0.2785,
179.0,slitB031_SDSSJ112634.56+423852.1t100971,SDSSJ112634.56+423852.1,B,16056,171.64404,42.647823,19.74,0.2785,,0.2785,
180.0,slitB032_SDSSJ112634.56+423852.1t100972,SDSSJ112634.56+423852.1,B,5874,171.64404,42.647823,19.74,0.2784,,0.278,
180.0,slitB032_SDSSJ112634.56+423852.1t100972,SDSSJ112634.56+423852.1,B,16056,171.64404,42.647823,19.74,0.2784,,0.278,
181.0,slitB033_SDSSJ112643.59+423647.9t100973,SDSSJ112643.59+423647.9,B,11326,171.681652,42.613306,17.03,?,,?,
182.0,slitB034_SDSSJ112643.35+423634.8t100974,SDSSJ112643.35+423634.8,B,11327,171.680629,42.609684,21.49,?,,0.1141,
183.0,slitB035_SDSSJ112624.09+424018.6t100975,SDSSJ112624.09+424018.6,B,5752,171.600408,42.671842,21.83,?,,?,
183.0,slitB035_SDSSJ112624.09+424018.6t100975,SDSSJ112624.09+424018.6,B,15932,171.600408,42.671842,21.83,?,,?,
184.0,slitB036_SDSSJ112624.09+424018.6t100976,SDSSJ112624.09+424018.6,B,5752,171.600408,42.671842,21.83,?,,?,
184.0,slitB036_SDSSJ112624.09+424018.6t100976,SDSSJ112624.09+424018.6,B,15932,171.600408,42.671842,21.83,?,,?,
185.0,slitB037_SDSSJ112631.72+423835.1t100977,SDSSJ112631.72+423835.1,B,5837,171.632179,42.643089,23.34,?,,?,
185.0,slitB037_SDSSJ112631.72+423835.1t100977,SDSSJ112631.72+423835.1,B,16019,171.632179,42.643089,23.34,?,,?,
186.0,slitB038_SDSSJ112631.72+423835.1t100978,SDSSJ112631.72+423835.1,B,5837,171.632179,42.643089,23.34,?,,?,
186.0,slitB038_SDSSJ112631.72+423835.1t100978,SDSSJ112631.72+423835.1,B,16019,171.632179,42.643089,23.34,?,,?,
187.0,slitB039_SDSSJ112637.15+423718.5t100979,SDSSJ112637.15+423718.5,B,11413,171.654803,42.621819,21.31,?,,?,
188.0,slitB040_SDSSJ112631.79+423809.3t100980,SDSSJ112631.79+423809.3,B,5834,171.632494,42.635939,19.34,?,,?,
188.0,slitB040_SDSSJ112631.79+423809.3t100980,SDSSJ112631.79+423809.3,B,16016,171.632494,42.635939,19.34,?,,?,
189.0,slitB041_SDSSJ112631.79+423809.3t100981,SDSSJ112631.79+423809.3,B,5834,171.632494,42.635939,19.34,?,,?,
189.0,slitB041_SDSSJ112631.79+423809.3t100981,SDSSJ112631.79+423809.3,B,16016,171.632494,42.635939,19.34,?,,?,
190.0,slitB042_SDSSJ112635.64+423711.9t100982,SDSSJ112635.64+423711.9,B,5871,171.648506,42.62,23.86,?,,?,
190.0,slitB042_SDSSJ112635.64+423711.9t100982,SDSSJ112635.64+423711.9,B,16053,171.648506,42.62,23.86,?,,?,
191.0,slitB043_SDSSJ112635.64+423711.9t100983,SDSSJ112635.64+423711.9,B,5871,171.648506,42.62,23.86,?,,?,
191.0,slitB043_SDSSJ112635.64+423711.9t100983,SDSSJ112635.64+423711.9,B,16053,171.648506,42.62,23.86,?,,?,
192.0,slitB044_SDSSJ112626.95+423845.8t100984,SDSSJ112626.95+423845.8,B,5555,171.612296,42.646067,20.21,?,,?,
192.0,slitB044_SDSSJ112626.95+423845.8t100984,SDSSJ112626.95+423845.8,B,15734,171.612296,42.646067,20.21,?,,?,
193.0,slitB045_SDSSJ112626.95+423845.8t100985,SDSSJ112626.95+423845.8,B,5555,171.612296,42.646067,20.21,0.213?,,0.213,
193.0,slitB045_SDSSJ112626.95+423845.8t100985,SDSSJ112626.95+423845.8,B,15734,171.612296,42.646067,20.21,0.213?,,0.213,
194.0,slitB046_SDSSJ112641.98+423531.0t100986,SDSSJ112641.98+423531.0,B,11460,171.674934,42.591958,23.16,?,,?,
195.0,slitB047_SDSSJ112626.45+423830.1t100987,SDSSJ112626.45+423830.1,B,5288,171.610228,42.641707,20.09,0,,0,
195.0,slitB047_SDSSJ112626.45+423830.1t100987,SDSSJ112626.45+423830.1,B,15467,171.610228,42.641707,20.09,0,,0,
196.0,slitB048_SDSSJ112626.45+423830.1t100988,SDSSJ112626.45+423830.1,B,5288,171.610228,42.641707,20.09,0,,0,
196.0,slitB048_SDSSJ112626.45+423830.1t100988,SDSSJ112626.45+423830.1,B,15467,171.610228,42.641707,20.09,0,,0,
197.0,slitB049_SDSSJ112635.06+423633.6t100989,SDSSJ112635.06+423633.6,B,5904,171.646106,42.609342,21.96,?,,?,
197.0,slitB049_SDSSJ112635.06+423633.6t100989,SDSSJ112635.06+423633.6,B,16086,171.646106,42.609342,21.96,?,,?,
198.0,slitB050_SDSSJ112635.06+423633.6t100990,SDSSJ112635.06+423633.6,B,5904,171.646106,42.609342,21.96,?,,?,
198.0,slitB050_SDSSJ112635.06+423633.6t100990,SDSSJ112635.06+423633.6,B,16086,171.646106,42.609342,21.96,?,,?,
199.0,slitB051_SDSSJ112636.00+423611.4t100991,SDSSJ112636.00+423611.4,B,5910,171.650003,42.603173,22.56,?,,?,
199.0,slitB051_SDSSJ112636.00+423611.4t100991,SDSSJ112636.00+423611.4,B,16092,171.650003,42.603173,22.56,?,,?,
200.0,slitB052_SDSSJ112636.00+423611.4t100992,SDSSJ112636.00+423611.4,B,5910,171.650003,42.603173,22.56,?,,?,
200.0,slitB052_SDSSJ112636.00+423611.4t100992,SDSSJ112636.00+423611.4,B,16092,171.650003,42.603173,22.56,?,,?,
201.0,slitB053_SDSSJ112630.52+423708.2t100993,SDSSJ112630.52+423708.2,B,5810,171.627181,42.618961,21.79,?,,?,
201.0,slitB053_SDSSJ112630.52+423708.2t100993,SDSSJ112630.52+423708.2,B,15992,171.627181,42.618961,21.79,?,,?,
202.0,slitB054_SDSSJ112630.52+423708.2t100994,SDSSJ112630.52+423708.2,B,5810,171.627181,42.618961,21.79,?,,?,
202.0,slitB054_SDSSJ112630.52+423708.2t100994,SDSSJ112630.52+423708.2,B,15992,171.627181,42.618961,21.79,?,,?,
203.0,slitB055_SDSSJ112628.85+423717.6t100995,SDSSJ112628.85+423717.6,B,5557,171.62024,42.621583,20.77,?,,?,
203.0,slitB055_SDSSJ112628.85+423717.6t100995,SDSSJ112628.85+423717.6,B,15736,171.62024,42.621583,20.77,?,,?,
204.0,slitB056_SDSSJ112628.85+423717.6t100996,SDSSJ112628.85+423717.6,B,5557,171.62024,42.621583,20.77,?,,?,
204.0,slitB056_SDSSJ112628.85+423717.6t100996,SDSSJ112628.85+423717.6,B,15736,171.62024,42.621583,20.77,?,,?,
205.0,slitB057_SDSSJ112622.23+423828.3t100997,SDSSJ112622.23+423828.3,B,5522,171.592629,42.6412,22.34,?,,?,
205.0,slitB057_SDSSJ112622.23+423828.3t100997,SDSSJ112622.23+423828.3,B,15701,171.592629,42.6412,22.34,?,,?,
206.0,slitB058_SDSSJ112622.23+423828.3t100998,SDSSJ112622.23+423828.3,B,5522,171.592629,42.6412,22.34,?,,?,
206.0,slitB058_SDSSJ112622.23+423828.3t100998,SDSSJ112622.23+423828.3,B,15701,171.592629,42.6412,22.34,?,,?,
207.0,slitB059_SDSSJ112623.31+423802.8t100999,SDSSJ112623.31+423802.8,B,5656,171.597134,42.634121,21.5,?,,?,
207.0,slitB059_SDSSJ112623.31+423802.8t100999,SDSSJ112623.31+423802.8,B,15835,171.597134,42.634121,21.5,?,,?,
208.0,slitB060_SDSSJ112623.31+423802.8t101000,SDSSJ112623.31+423802.8,B,5656,171.597134,42.634121,21.5,?,,?,
208.0,slitB060_SDSSJ112623.31+423802.8t101000,SDSSJ112623.31+423802.8,B,15835,171.597134,42.634121,21.5,?,,?,
209.0,slitB061_SDSSJ112639.72+423429.2t101001,SDSSJ112639.72+423429.2,B,11414,171.665532,42.57478,22.55,?,,?,
210.0,slitB062_SDSSJ112636.69+423455.4t101002,SDSSJ112636.69+423455.4,B,1420,171.652916,42.582059,21.97,?,,?,
211.0,slitB063_SDSSJ112626.10+423653.2t101003,SDSSJ112626.10+423653.2,B,5541,171.608765,42.614804,21.49,?,,?,
211.0,slitB063_SDSSJ112626.10+423653.2t101003,SDSSJ112626.10+423653.2,B,15720,171.608765,42.614804,21.49,?,,?,
212.0,slitB064_SDSSJ112626.10+423653.2t101004,SDSSJ112626.10+423653.2,B,5541,171.608765,42.614804,21.49,?,,?,
212.0,slitB064_SDSSJ112626.10+423653.2t101004,SDSSJ112626.10+423653.2,B,15720,171.608765,42.614804,21.49,?,,?,
213.0,slitB065_SDSSJ112632.18+423525.9t101005,SDSSJ112632.18+423525.9,B,5811,171.63409,42.590532,23.57,?,,?,
213.0,slitB065_SDSSJ112632.18+423525.9t101005,SDSSJ112632.18+423525.9,B,15993,171.63409,42.590532,23.57,?,,?,
214.0,slitB066_SDSSJ112632.18+423525.9t101006,SDSSJ112632.18+423525.9,B,5811,171.63409,42.590532,23.57,?,,?,
214.0,slitB066_SDSSJ112632.18+423525.9t101006,SDSSJ112632.18+423525.9,B,15993,171.63409,42.590532,23.57,?,,?,
215.0,slitB067_SDSSJ112616.13+423828.4t101007,SDSSJ112616.13+423828.4,B,5486,171.567246,42.641232,22.28,?,,?,
215.0,slitB067_SDSSJ112616.13+423828.4t101007,SDSSJ112616.13+423828.4,B,15665,171.567246,42.641232,22.28,?,,?,
216.0,slitB068_SDSSJ112616.13+423828.4t101008,SDSSJ112616.13+423828.4,B,5486,171.567246,42.641232,22.28,?,,?,
216.0,slitB068_SDSSJ112616.13+423828.4t101008,SDSSJ112616.13+423828.4,B,15665,171.567246,42.641232,22.28,?,,?,
217.0,slitB069_SDSSJ112619.89+423731.1t101009,SDSSJ112619.89+423731.1,B,5772,171.582905,42.625328,24.35,?,,?,
217.0,slitB069_SDSSJ112619.89+423731.1t101009,SDSSJ112619.89+423731.1,B,15952,171.582905,42.625328,24.35,?,,?,
218.0,slitB070_SDSSJ112619.89+423731.1t101010,SDSSJ112619.89+423731.1,B,5772,171.582905,42.625328,24.35,?,,?,
218.0,slitB070_SDSSJ112619.89+423731.1t101010,SDSSJ112619.89+423731.1,B,15952,171.582905,42.625328,24.35,?,,?,
219.0,slitB071_SDSSJ112628.52+423535.1t101011,SDSSJ112628.52+423535.1,B,5551,171.618873,42.59309,19.92,0.356,,0.356,
219.0,slitB071_SDSSJ112628.52+423535.1t101011,SDSSJ112628.52+423535.1,B,15730,171.618873,42.59309,19.92,0.356,,0.356,
220.0,slitB072_SDSSJ112628.52+423535.1t101012,SDSSJ112628.52+423535.1,B,5551,171.618873,42.59309,19.92,0.356,,0.356,
220.0,slitB072_SDSSJ112628.52+423535.1t101012,SDSSJ112628.52+423535.1,B,15730,171.618873,42.59309,19.92,0.356,,0.356,
221.0,slitB073_SDSSJ112639.67+423304.7t101013,SDSSJ112639.67+423304.7,B,12042,171.665317,42.551327,21.25,?,,?,
222.0,slitB074_SDSSJ112635.76+423342.5t101014,SDSSJ112635.76+423342.5,B,1807,171.649016,42.561814,21.38,?,,?,
223.0,slitB075_SDSSJ112637.84+423305.8t101015,SDSSJ112637.84+423305.8,B,1810,171.657688,42.551632,20.13,?,,?,
224.0,slitB076_SDSSJ112631.64+423410.5t101016,SDSSJ112631.64+423410.5,B,1415,171.631845,42.569597,24.08,?,,?,
225.0,slitB077_SDSSJ112622.17+423552.7t101017,SDSSJ112622.17+423552.7,B,5510,171.592375,42.597998,21.64,0,,0,
225.0,slitB077_SDSSJ112622.17+423552.7t101017,SDSSJ112622.17+423552.7,B,15689,171.592375,42.597998,21.64,0,,0,
226.0,slitB078_SDSSJ112622.17+423552.7t101018,SDSSJ112622.17+423552.7,B,5510,171.592375,42.597998,21.64,0,,0,
226.0,slitB078_SDSSJ112622.17+423552.7t101018,SDSSJ112622.17+423552.7,B,15689,171.592375,42.597998,21.64,0,,0,
227.0,slitB079_SDSSJ112636.97+423238.9t101019,SDSSJ112636.97+423238.9,B,1818,171.65408,42.544151,21.86,?,,?,
228.0,slitB080_SDSSJ112630.62+423346.3t101020,SDSSJ112630.62+423346.3,B,1816,171.627618,42.562865,22.27,?,,?,
229.0,slitB081_SDSSJ112613.97+423659.6t101021,SDSSJ112613.97+423659.6,B,5464,171.558223,42.616572,21.11,0.292,,0.358,
229.0,slitB081_SDSSJ112613.97+423659.6t101021,SDSSJ112613.97+423659.6,B,15643,171.558223,42.616572,21.11,0.292,,0.358,
230.0,slitB082_SDSSJ112613.97+423659.6t101022,SDSSJ112613.97+423659.6,B,5464,171.558223,42.616572,21.11,0.292,,0.3575,
230.0,slitB082_SDSSJ112613.97+423659.6t101022,SDSSJ112613.97+423659.6,B,15643,171.558223,42.616572,21.11,0.292,,0.3575,
231.0,slitB083_SDSSJ112629.55+423335.5t101023,SDSSJ112629.55+423335.5,B,1797,171.623166,42.559868,22.0,?,,?,
232.0,slitB084_SDSSJ112625.76+423411.7t101024,SDSSJ112625.76+423411.7,B,5520,171.607347,42.569944,22.15,?,,?,
232.0,slitB084_SDSSJ112625.76+423411.7t101024,SDSSJ112625.76+423411.7,B,15699,171.607347,42.569944,22.15,?,,?,
233.0,slitB085_SDSSJ112625.76+423411.7t101025,SDSSJ112625.76+423411.7,B,5520,171.607347,42.569944,22.15,?,,?,
233.0,slitB085_SDSSJ112625.76+423411.7t101025,SDSSJ112625.76+423411.7,B,15699,171.607347,42.569944,22.15,?,,?,
234.0,slitB086_SDSSJ112610.75+423704.6t101026,SDSSJ112610.75+423704.6,B,5447,171.544817,42.617948,21.44,?,,?,
234.0,slitB086_SDSSJ112610.75+423704.6t101026,SDSSJ112610.75+423704.6,B,15626,171.544817,42.617948,21.44,?,,?,
235.0,slitB087_SDSSJ112610.75+423704.6t101027,SDSSJ112610.75+423704.6,B,5447,171.544817,42.617948,21.44,?,,?,
235.0,slitB087_SDSSJ112610.75+423704.6t101027,SDSSJ112610.75+423704.6,B,15626,171.544817,42.617948,21.44,?,,?,
236.0,slitB088_SDSSJ112609.26+423712.1t101028,SDSSJ112609.26+423712.1,B,5766,171.53861,42.620037,24.23,?,,?,
236.0,slitB088_SDSSJ112609.26+423712.1t101028,SDSSJ112609.26+423712.1,B,15946,171.53861,42.620037,24.23,?,,?,
237.0,slitB089_SDSSJ112609.26+423712.1t101029,SDSSJ112609.26+423712.1,B,5766,171.53861,42.620037,24.23,?,,?,
237.0,slitB089_SDSSJ112609.26+423712.1t101029,SDSSJ112609.26+423712.1,B,15946,171.53861,42.620037,24.23,?,,?,
238.0,slitB090_SDSSJ112624.57+423352.1t101030,SDSSJ112624.57+423352.1,B,5644,171.602394,42.564482,23.37,?,,?,
238.0,slitB090_SDSSJ112624.57+423352.1t101030,SDSSJ112624.57+423352.1,B,15823,171.602394,42.564482,23.37,?,,?,
239.0,slitB091_SDSSJ112624.57+423352.1t101031,SDSSJ112624.57+423352.1,B,5644,171.602394,42.564482,23.37,?,,?,
239.0,slitB091_SDSSJ112624.57+423352.1t101031,SDSSJ112624.57+423352.1,B,15823,171.602394,42.564482,23.37,?,,?,
240.0,slitB092_SDSSJ112619.44+423443.1t101032,SDSSJ112619.44+423443.1,B,5485,171.581041,42.578649,19.75,?,,?,
240.0,slitB092_SDSSJ112619.44+423443.1t101032,SDSSJ112619.44+423443.1,B,15664,171.581041,42.578649,19.75,?,,?,
241.0,slitB093_SDSSJ112619.44+423443.1t101033,SDSSJ112619.44+423443.1,B,5485,171.581041,42.578649,19.75,?,,0.243,
241.0,slitB093_SDSSJ112619.44+423443.1t101033,SDSSJ112619.44+423443.1,B,15664,171.581041,42.578649,19.75,?,,0.243,
242.0,slitB094_SDSSJ112614.97+423527.6t101034,SDSSJ112614.97+423527.6,B,5462,171.56238,42.591001,22.97,?,,?,
242.0,slitB094_SDSSJ112614.97+423527.6t101034,SDSSJ112614.97+423527.6,B,15641,171.56238,42.591001,22.97,?,,?,
243.0,slitB095_SDSSJ112614.97+423527.6t101035,SDSSJ112614.97+423527.6,B,5462,171.56238,42.591001,22.97,?,,?,
243.0,slitB095_SDSSJ112614.97+423527.6t101035,SDSSJ112614.97+423527.6,B,15641,171.56238,42.591001,22.97,?,,?,
244.0,slitB096_SDSSJ112617.19+423449.2t101036,SDSSJ112617.19+423449.2,B,5731,171.571642,42.580352,22.23,?,,?,
244.0,slitB096_SDSSJ112617.19+423449.2t101036,SDSSJ112617.19+423449.2,B,15911,171.571642,42.580352,22.23,?,,?,
245.0,slitB097_SDSSJ112617.19+423449.2t101037,SDSSJ112617.19+423449.2,B,5731,171.571642,42.580352,22.23,?,,?,
245.0,slitB097_SDSSJ112617.19+423449.2t101037,SDSSJ112617.19+423449.2,B,15911,171.571642,42.580352,22.23,?,,?,
246.0,slitB098_SDSSJ112613.64+423522.4t101038,SDSSJ112613.64+423522.4,B,5454,171.556844,42.589569,22.84,?,,?,
246.0,slitB098_SDSSJ112613.64+423522.4t101038,SDSSJ112613.64+423522.4,B,15633,171.556844,42.589569,22.84,?,,?,
247.0,slitB099_SDSSJ112613.64+423522.4t101039,SDSSJ112613.64+423522.4,B,5454,171.556844,42.589569,22.84,?,,?,
247.0,slitB099_SDSSJ112613.64+423522.4t101039,SDSSJ112613.64+423522.4,B,15633,171.556844,42.589569,22.84,?,,?,
248.0,slitB100_SDSSJ112616.59+423435.6t101040,SDSSJ112616.59+423435.6,B,5727,171.569145,42.576565,22.37,?,,?,
248.0,slitB100_SDSSJ112616.59+423435.6t101040,SDSSJ112616.59+423435.6,B,15907,171.569145,42.576565,22.37,?,,?,
249.0,slitB101_SDSSJ112616.59+423435.6t101041,SDSSJ112616.59+423435.6,B,5727,171.569145,42.576565,22.37,?,,?,
249.0,slitB101_SDSSJ112616.59+423435.6t101041,SDSSJ112616.59+423435.6,B,15907,171.569145,42.576565,22.37,?,,?,
250.0,slitB102_SDSSJ112618.08+423403.2t101042,SDSSJ112618.08+423403.2,B,5254,171.575373,42.567573,23.67,?,,?,
250.0,slitB102_SDSSJ112618.08+423403.2t101042,SDSSJ112618.08+423403.2,B,15433,171.575373,42.567573,23.67,?,,?,
251.0,slitB103_SDSSJ112618.08+423403.2t101043,SDSSJ112618.08+423403.2,B,5254,171.575373,42.567573,23.67,?,,?,
251.0,slitB103_SDSSJ112618.08+423403.2t101043,SDSSJ112618.08+423403.2,B,15433,171.575373,42.567573,23.67,?,,?,
252.0,slitB104_SDSSJ112619.52+423334.0t101044,SDSSJ112619.52+423334.0,B,6963,171.581339,42.55946,20.78,0.275,,0.275,
252.0,slitB104_SDSSJ112619.52+423334.0t101044,SDSSJ112619.52+423334.0,B,17095,171.581339,42.55946,20.78,0.275,,0.275,
253.0,slitB105_SDSSJ112619.52+423334.0t101045,SDSSJ112619.52+423334.0,B,6963,171.581339,42.55946,20.78,0.275,,0.275,
253.0,slitB105_SDSSJ112619.52+423334.0t101045,SDSSJ112619.52+423334.0,B,17095,171.581339,42.55946,20.78,0.275,,0.275,
254.0,slitB106_SDSSJ112615.35+423410.6t101046,SDSSJ112615.35+423410.6,B,5725,171.563979,42.569612,22.82,?,,?,
254.0,slitB106_SDSSJ112615.35+423410.6t101046,SDSSJ112615.35+423410.6,B,15905,171.563979,42.569612,22.82,?,,?,
255.0,slitB107_SDSSJ112615.35+423410.6t101047,SDSSJ112615.35+423410.6,B,5725,171.563979,42.569612,22.82,?,,?,
255.0,slitB107_SDSSJ112615.35+423410.6t101047,SDSSJ112615.35+423410.6,B,15905,171.563979,42.569612,22.82,?,,?,
256.0,slitB108_SDSSJ112610.70+423455.8t101048,SDSSJ112610.70+423455.8,B,5434,171.54459,42.582182,22.48,?,,0.594,
256.0,slitB108_SDSSJ112610.70+423455.8t101048,SDSSJ112610.70+423455.8,B,15613,171.54459,42.582182,22.48,?,,0.594,
257.0,slitB109_SDSSJ112610.70+423455.8t101049,SDSSJ112610.70+423455.8,B,5434,171.54459,42.582182,22.48,?,,0.594,
257.0,slitB109_SDSSJ112610.70+423455.8t101049,SDSSJ112610.70+423455.8,B,15613,171.54459,42.582182,22.48,?,,0.594,
258.0,slitB110_SDSSJ112611.42+423432.2t101050,SDSSJ112611.42+423432.2,B,5721,171.547594,42.575618,22.73,?,,?,
258.0,slitB110_SDSSJ112611.42+423432.2t101050,SDSSJ112611.42+423432.2,B,15901,171.547594,42.575618,22.73,?,,?,
259.0,slitB111_SDSSJ112611.42+423432.2t101051,SDSSJ112611.42+423432.2,B,5721,171.547594,42.575618,22.73,0.465,,?,
259.0,slitB111_SDSSJ112611.42+423432.2t101051,SDSSJ112611.42+423432.2,B,15901,171.547594,42.575618,22.73,0.465,,?,
260.0,slitB112_SDSSJ112606.74+423518.8t101052,SDSSJ112606.74+423518.8,B,5712,171.528109,42.588571,22.78,?,,?,
260.0,slitB112_SDSSJ112606.74+423518.8t101052,SDSSJ112606.74+423518.8,B,15891,171.528109,42.588571,22.78,?,,?,
261.0,slitB113_SDSSJ112606.74+423518.8t101053,SDSSJ112606.74+423518.8,B,5712,171.528109,42.588571,22.78,?,,?,
261.0,slitB113_SDSSJ112606.74+423518.8t101053,SDSSJ112606.74+423518.8,B,15891,171.528109,42.588571,22.78,?,,?,
262.0,slitB114_SDSSJ112604.71+423528.0t101054,SDSSJ112604.71+423528.0,B,5596,171.51965,42.591128,21.82,?,,?,
262.0,slitB114_SDSSJ112604.71+423528.0t101054,SDSSJ112604.71+423528.0,B,15775,171.51965,42.591128,21.82,?,,?,
263.0,slitB115_SDSSJ112604.71+423528.0t101055,SDSSJ112604.71+423528.0,B,5596,171.51965,42.591128,21.82,?,,?,
263.0,slitB115_SDSSJ112604.71+423528.0t101055,SDSSJ112604.71+423528.0,B,15775,171.51965,42.591128,21.82,?,,?,
264.0,slitB116_SDSSJ112605.69+423502.4t101056,SDSSJ112605.69+423502.4,B,5414,171.523715,42.584007,19.77,0.3475,,0.3475,
264.0,slitB116_SDSSJ112605.69+423502.4t101056,SDSSJ112605.69+423502.4,B,15593,171.523715,42.584007,19.77,0.3475,,0.3475,
265.0,slitB117_SDSSJ112605.69+423502.4t101057,SDSSJ112605.69+423502.4,B,5414,171.523715,42.584007,19.77,0.3475,,0.3475,
265.0,slitB117_SDSSJ112605.69+423502.4t101057,SDSSJ112605.69+423502.4,B,15593,171.523715,42.584007,19.77,0.3475,,0.3475,
266.0,slitB118_SDSSJ112603.29+423516.3t101058,SDSSJ112603.29+423516.3,B,5247,171.513713,42.587867,22.87,?,,?,
266.0,slitB118_SDSSJ112603.29+423516.3t101058,SDSSJ112603.29+423516.3,B,15424,171.513713,42.587867,22.87,?,,?,
267.0,slitB119_SDSSJ112603.29+423516.3t101059,SDSSJ112603.29+423516.3,B,5247,171.513713,42.587867,22.87,?,,?,
267.0,slitB119_SDSSJ112603.29+423516.3t101059,SDSSJ112603.29+423516.3,B,15424,171.513713,42.587867,22.87,?,,?,
268.0,slitB120_SDSSJ112558.97+423558.6t101060,SDSSJ112558.97+423558.6,B,5706,171.495727,42.599631,22.26,0.6064,,0.6085,
268.0,slitB120_SDSSJ112558.97+423558.6t101060,SDSSJ112558.97+423558.6,B,15885,171.495727,42.599631,22.26,0.6064,,0.6085,
269.0,slitB121_SDSSJ112558.97+423558.6t101061,SDSSJ112558.97+423558.6,B,5706,171.495727,42.599631,22.26,maybe 0.6084,,0.6085,
269.0,slitB121_SDSSJ112558.97+423558.6t101061,SDSSJ112558.97+423558.6,B,15885,171.495727,42.599631,22.26,maybe 0.6084,,0.6085,
270.0,slitB122_SDSSJ112558.13+423541.8t101062,SDSSJ112558.13+423541.8,B,5373,171.492216,42.594959,19.72,0.358,,0.358,
270.0,slitB122_SDSSJ112558.13+423541.8t101062,SDSSJ112558.13+423541.8,B,15552,171.492216,42.594959,19.72,0.358,,0.358,
271.0,slitB123_SDSSJ112558.13+423541.8t101063,SDSSJ112558.13+423541.8,B,5373,171.492216,42.594959,19.72,0.358,,0.358,
271.0,slitB123_SDSSJ112558.13+423541.8t101063,SDSSJ112558.13+423541.8,B,15552,171.492216,42.594959,19.72,0.358,,0.358,
272.0,slitB124_SDSSJ112605.78+423335.5t101064,SDSSJ112605.78+423335.5,B,12624,171.524104,42.559889,23.5,?,,?,
273.0,slitB125_SDSSJ112604.30+423342.8t101065,SDSSJ112604.30+423342.8,B,12620,171.517941,42.561915,22.31,?,,?,
274.0,slitB126_SDSSJ112607.10+423253.5t101066,SDSSJ112607.10+423253.5,B,13222,171.529623,42.548195,20.31,0.341,,0.341,
275.0,slitB127_SDSSJ112602.01+423341.4t101067,SDSSJ112602.01+423341.4,B,12615,171.508393,42.561515,21.61,?,,?,
276.0,slitB128_SDSSJ112600.47+423340.5t101068,SDSSJ112600.47+423340.5,B,12613,171.501969,42.561277,22.5,0.3408,,0.274,
277.0,slitB129_SDSSJ112602.18+423306.5t101069,SDSSJ112602.18+423306.5,B,13408,171.50911,42.551825,22.18,?,,?,
278.0,slitB130_SDSSJ112605.62+423214.3t101070,SDSSJ112605.62+423214.3,B,13344,171.523436,42.537328,19.81,?,,?,
279.0,slitB131_SDSSJ112600.08+423311.7t101071,SDSSJ112600.08+423311.7,B,12612,171.500372,42.553262,20.32,0.1083,,?,
280.0,slitB132_SDSSJ112605.06+423159.8t101072,SDSSJ112605.06+423159.8,B,13409,171.521092,42.533305,22.24,0.138,,0.179,
281.0,slitB133_SDSSJ112600.05+423247.4t101073,SDSSJ112600.05+423247.4,B,13406,171.500245,42.54651,22.04,?,,?,
282.0,slitB134_SDSSJ112557.32+423307.6t101074,SDSSJ112557.32+423307.6,B,12618,171.488845,42.552117,22.21,?,,0.448,
283.0,slitB135_SDSSJ112607.93+423041.3t101075,SDSSJ112607.93+423041.3,B,13346,171.533047,42.511476,21.81,?,,?,
284.0,slitB136_SDSSJ112602.70+423134.4t101076,SDSSJ112602.70+423134.4,B,13407,171.51129,42.526237,22.14,?,,?,
285.0,slitB137_SDSSJ112601.85+423130.6t101077,SDSSJ112601.85+423130.6,B,13326,171.507713,42.525167,20.19,?,,?,
286.0,slitB138_SDSSJ112603.13+423103.3t101078,SDSSJ112603.13+423103.3,B,13329,171.513065,42.517597,21.31,0.38517,,0.385,
287.0,slitB139_SDSSJ112556.29+423212.8t101079,SDSSJ112556.29+423212.8,B,13304,171.484573,42.536895,22.5,?,,?,
288.0,slitB140_SDSSJ112554.09+423228.5t101080,SDSSJ112554.09+423228.5,B,13294,171.475406,42.541278,21.46,0.3376,,0.338,
289.0,slitB141_SDSSJ112607.58+422926.1t101081,SDSSJ112607.58+422926.1,B,13342,171.531622,42.490586,21.57,?,,0.114,
290.0,slitB142_SDSSJ112608.53+422858.4t101082,SDSSJ112608.53+422858.4,B,13345,171.535559,42.482892,21.38,?,,?,
291.0,slitB143_SDSSJ112603.65+422947.1t101083,SDSSJ112603.65+422947.1,B,13327,171.515224,42.496425,21.96,?,,?,
292.0,slitB144_SDSSJ112601.02+423007.2t101084,SDSSJ112601.02+423007.2,B,13442,171.504262,42.502027,24.61,?,,?,
293.0,slitB145_SDSSJ112557.05+423044.5t101085,SDSSJ112557.05+423044.5,B,13217,171.487745,42.512378,21.18,?,,?,
294.0,slitB146_SDSSJ112558.20+423018.7t101086,SDSSJ112558.20+423018.7,B,13398,171.4925,42.505218,22.84,?,,?,
295.0,slitB147_SDSSJ112601.02+422933.5t101087,SDSSJ112601.02+422933.5,B,13318,171.50429,42.49266,23.41,?,,?,
296.0,slitB148_SDSSJ112550.58+423128.6t101088.fits,SDSSJ112550.58+423128.6,B,13264,171.460786,42.524618,21.28,?,,0.3655,
297.0,slitB149_SDSSJ112556.54+423003.4t101089.fits,SDSSJ112556.54+423003.4,B,13206,171.485584,42.500958,22.45,0.175,,0.175,
