Spectrum #	Spectrum ID	Coordinates	I-band Magnitude	Tasio	Neel	Sarayu	Reagen	Brenda (happy with)	Lines Identified/Remarks	"y-lim
(x-lim is autoscaled )"	Unnamed: 11	ra	dec	mag
297	slitB149_SDSSJ112556.54+423003.4t101089.fits	171.48558441, 42.5009583			0.175		0.175	0.175	OII (very prominent, is this possible?), H, K		MMT Long starts here	171.48558441	42.5009583	22.45380973815918
296	slitB148_SDSSJ112550.58+423128.6t101088.fits	171.46078633, 42.5246177			?		0.3655		OII looks like maybe but mostly not believable		RED is HIGH PRIORITY -- something seems off/wrong	171.46078633	42.5246177	21.28326988220215
295	slitB147_SDSSJ112601.02+422933.5t101087	171.50428962, 42.49265989			?		?		Very noisy (most flux under 0)		YELLOW is PRIORITY -- something to consider / re-evaluate / low expertise on my part	171.50428962	42.49265989	23.412410736083984
294	slitB146_SDSSJ112558.20+423018.7t101086	171.49250003, 42.50521819			?		?		Very noisy (most flux under 0)		GREEN is a MATCH -- some values are fine tuned but pretty much the same	171.49250003	42.50521819	22.83987045288086
293	slitB145_SDSSJ112557.05+423044.5t101085	171.48774515, 42.51237848			?		?		Very noisy (most flux under 0)			171.48774515	42.51237848	21.184629440307617
292	slitB144_SDSSJ112601.02+423007.2t101084	171.50426185, 42.50202689			?		?		Very noisy (most flux under 0)			171.50426185	42.50202689	24.614669799804688
291	slitB143_SDSSJ112603.65+422947.1t101083	171.51522357, 42.49642507			?		?		Very noisy (most flux under 0)			171.51522357	42.49642507	21.964820861816406
290	slitB142_SDSSJ112608.53+422858.4t101082	171.53555922, 42.48289171			?		?		Very noisy (most flux under 0); all viable possible lines are way too unbelievable			171.53555922	42.48289171	21.377140045166016
289	slitB141_SDSSJ112607.58+422926.1t101081	171.53162157, 42.49058597			?		0.114		Inconclusive			171.53162157	42.49058597	21.569639205932617
288	slitB140_SDSSJ112554.09+423228.5t101080	171.47540594, 42.54127769			0.3376		0.338	0.3376	OII, H, K, Htheta			171.47540594	42.54127769	21.461889266967773
287	slitB139_SDSSJ112556.29+423212.8t101079	171.48457253, 42.5368948			?		?		No flux			171.48457253	42.5368948	22.498510360717773
286	slitB138_SDSSJ112603.13+423103.3t101078	171.5130652, 42.51759718			0.38517		0.385	0.38517	Immediate OII, then H and K			171.5130652	42.51759718	21.309289932250977
285	slitB137_SDSSJ112601.85+423130.6t101077	171.50771324, 42.52516682			?		?		Most flux under 0			171.50771324	42.52516682	20.19116973876953
284	slitB136_SDSSJ112602.70+423134.4t101076	171.51129049, 42.52623748			?		?		Nothing prominent			171.51129049	42.52623748	22.13884925842285
283	slitB135_SDSSJ112607.93+423041.3t101075	171.53304669, 42.51147601			?		?		Most flux under 0			171.53304669	42.51147601	21.81464958190918
282	slitB134_SDSSJ112557.32+423307.6t101074	171.488845, 42.5521169			?		0.448		Nothing believable??			171.488845	42.5521169	22.207660675048828
281	slitB133_SDSSJ112600.05+423247.4t101073	171.50024549, 42.54651013			?		?		Most flux around 0			171.50024549	42.54651013	22.041419982910156
280	slitB132_SDSSJ112605.06+423159.8t101072	171.52109218, 42.53330453			0.138		0.179		H, K			171.52109218	42.53330453	22.240299224853516
279	slitB131_SDSSJ112600.08+423311.7t101071	171.5003721, 42.55326157			0.1083		?		maybe H, maybe K, and maybe Gband			171.5003721	42.55326157	20.317760467529297
278	slitB130_SDSSJ112605.62+423214.3t101070	171.52343595, 42.53732816			?		?					171.52343595	42.53732816	19.81114959716797
277	slitB129_SDSSJ112602.18+423306.5t101069	171.50910984, 42.55182539			?		?					171.50910984	42.55182539	22.176870346069336
276	slitB128_SDSSJ112600.47+423340.5t101068	171.50196937, 42.56127721			0.3408		0.274		??? nothing too believable			171.50196937	42.56127721	22.503820419311523
275	slitB127_SDSSJ112602.01+423341.4t101067	171.50839271, 42.56151526			?		?		Not sure what this region could be			171.50839271	42.56151526	21.610889434814453
274	slitB126_SDSSJ112607.10+423253.5t101066	171.52962288, 42.54819508			0.341		0.341	0.341	On the dot OII, H, K, Heta, Hzeta, Htheta			171.52962288	42.54819508	20.314760208129883
273	slitB125_SDSSJ112604.30+423342.8t101065	171.51794133, 42.56191523			?		?		What are two peaks?			171.51794133	42.56191523	22.306720733642575
272	slitB124_SDSSJ112605.78+423335.5t101064	171.52410353, 42.55988885			?		?		Most flux around 0			171.52410353	42.55988885	23.502819061279297
271	slitB123_SDSSJ112558.13+423541.8t101063	171.49221647, 42.59495861			0.358		0.358	0.358	H, K, Hbeta, MgI			171.49221647	42.59495861	19.72496032714844
270	slitB122_SDSSJ112558.13+423541.8t101062	171.49221647, 42.59495861			0.358		0.358	0.358	H, K, Gband, MgI			171.49221647	42.59495861	19.72496032714844
269	slitB121_SDSSJ112558.97+423558.6t101061	171.49572749, 42.59963082			maybe 0.6084		0.6085		How to know OII real looking?			171.49572749	42.59963082	22.264280319213867
268	slitB120_SDSSJ112558.97+423558.6t101060	171.49572749, 42.59963082			0.6064		0.6085		H, K, OII			171.49572749	42.59963082	22.264280319213867
267	slitB119_SDSSJ112603.29+423516.3t101059	171.51371259, 42.58786722			?		?		Most flux around 0			171.51371259	42.58786722	22.87416076660156
266	slitB118_SDSSJ112603.29+423516.3t101058	171.51371259, 42.58786722			?		?		Most flux around 0			171.51371259	42.58786722	22.87416076660156
265	slitB117_SDSSJ112605.69+423502.4t101057	171.52371487, 42.58400711			0.3475		0.3475	0.3475	H, K, OII is not too prominent but does fit the profile; how to know if real?			171.52371487	42.58400711	19.77070999145508
264	slitB116_SDSSJ112605.69+423502.4t101056	171.52371487, 42.58400711			0.3475		0.3475	0.3475	OII, H, K, MgI			171.52371487	42.58400711	19.77070999145508
263	slitB115_SDSSJ112604.71+423528.0t101055	171.51965003, 42.59112815			?		?		Most flux around 0			171.51965003	42.59112815	21.817380905151367
262	slitB114_SDSSJ112604.71+423528.0t101054	171.51965003, 42.59112815			?		?		Dont exactly know where to start; what are we looking at?			171.51965003	42.59112815	21.817380905151367
261	slitB113_SDSSJ112606.74+423518.8t101053	171.52810889, 42.58857054			?		?		Most flux around 0			171.52810889	42.58857054	22.779260635375977
260	slitB112_SDSSJ112606.74+423518.8t101052	171.52810889, 42.58857054			?		?		Most flux around 0; a lot of flux under 0			171.52810889	42.58857054	22.779260635375977
259	slitB111_SDSSJ112611.42+423432.2t101051	171.54759409, 42.57561807			0.465		?		OII, maybe H and K 			171.54759409	42.57561807	22.729990005493164
258	slitB110_SDSSJ112611.42+423432.2t101050	171.54759409, 42.57561807			?		?		Similar to 111			171.54759409	42.57561807	22.729990005493164
257	slitB109_SDSSJ112610.70+423455.8t101049	171.54459003, 42.58218192			?		0.594		Nothing too noticeable or believable			171.54459003	42.58218192	22.47529983520508
256	slitB108_SDSSJ112610.70+423455.8t101048	171.54459003, 42.58218192			?		0.594		Gap in spectra @ 5900 A; suspected OII			171.54459003	42.58218192	22.47529983520508
255	slitB107_SDSSJ112615.35+423410.6t101047	171.56397943, 42.5696122			?		?		Nothing too noticeable or believable			171.56397943	42.5696122	22.81587028503418
254	slitB106_SDSSJ112615.35+423410.6t101046	171.56397943, 42.5696122			?		?		Nothing too noticeable or believable			171.56397943	42.5696122	22.81587028503418
253	slitB105_SDSSJ112619.52+423334.0t101045	171.58133886, 42.55946045			0.275		0.275	0.275	H, K, no OII			171.58133886	42.55946045	20.78251075744629
252	slitB104_SDSSJ112619.52+423334.0t101044	171.58133886, 42.55946045			0.275		0.275	0.275	Same thing as B105?			171.58133886	42.55946045	20.78251075744629
251	slitB103_SDSSJ112618.08+423403.2t101043	171.57537287, 42.5675731			?		?		So much is negative :(			171.57537287	42.5675731	23.666330337524418
250	slitB102_SDSSJ112618.08+423403.2t101042	171.57537287, 42.5675731			?		?		So much is negative :(			171.57537287	42.5675731	23.666330337524418
249	slitB101_SDSSJ112616.59+423435.6t101041	171.569145, 42.57656488			?		?		So much is negative :(			171.569145	42.57656488	22.37104034423828
248	slitB100_SDSSJ112616.59+423435.6t101040	171.569145, 42.57656488			?		?		So much is negative :(			171.569145	42.57656488	22.37104034423828
247	slitB099_SDSSJ112613.64+423522.4t101039	171.55684393, 42.58956906			?		?		So much is negative :(			171.55684393	42.58956906	22.835920333862305
246	slitB098_SDSSJ112613.64+423522.4t101038	171.55684393, 42.58956906			?		?		So much is negative :(			171.55684393	42.58956906	22.835920333862305
245	slitB097_SDSSJ112617.19+423449.2t101037	171.57164212, 42.58035153			?		?		So much is negative :(			171.57164212	42.58035153	22.22929000854492
244	slitB096_SDSSJ112617.19+423449.2t101036	171.57164212, 42.58035153			?		?		So much is negative :(			171.57164212	42.58035153	22.22929000854492
243	slitB095_SDSSJ112614.97+423527.6t101035	171.5623802, 42.59100084			?		?		So much is negative :(			171.5623802	42.59100084	22.96834945678711
242	slitB094_SDSSJ112614.97+423527.6t101034	171.5623802, 42.59100084			?		?		So much is negative :(			171.5623802	42.59100084	22.96834945678711
241	slitB093_SDSSJ112619.44+423443.1t101033	171.58104114, 42.57864916			?		0.243		Gband only that I am seeing			171.58104114	42.57864916	19.748029708862305
240	slitB092_SDSSJ112619.44+423443.1t101032	171.58104114, 42.57864916			?		?					171.58104114	42.57864916	19.748029708862305
239	slitB091_SDSSJ112624.57+423352.1t101031	171.60239411, 42.56448229			?		?					171.60239411	42.56448229	23.36928939819336
238	slitB090_SDSSJ112624.57+423352.1t101030	171.60239411, 42.56448229			?		?					171.60239411	42.56448229	23.36928939819336
237	slitB089_SDSSJ112609.26+423712.1t101029	171.5386105, 42.62003665			?		?					171.5386105	42.62003665	24.225120544433594
236	slitB088_SDSSJ112609.26+423712.1t101028	171.5386105, 42.62003665			?		?					171.5386105	42.62003665	24.225120544433594
235	slitB087_SDSSJ112610.75+423704.6t101027	171.54481702, 42.61794823			?		?					171.54481702	42.61794823	21.442319869995117
234	slitB086_SDSSJ112610.75+423704.6t101026	171.54481702, 42.61794823			?		?					171.54481702	42.61794823	21.442319869995117
233	slitB085_SDSSJ112625.76+423411.7t101025	171.60734698, 42.56994361			?		?					171.60734698	42.56994361	22.149229049682617
232	slitB084_SDSSJ112625.76+423411.7t101024	171.60734698, 42.56994361			?		?					171.60734698	42.56994361	22.149229049682617
231	slitB083_SDSSJ112629.55+423335.5t101023	171.62316626, 42.55986849			?		?					171.62316626	42.55986849	22.000160217285156
230	slitB082_SDSSJ112613.97+423659.6t101022	171.55822297, 42.61657223			0.292		0.3575		This seems better for OII, H, K?			171.55822297	42.61657223	21.105180740356445
229	slitB081_SDSSJ112613.97+423659.6t101021	171.55822297, 42.61657223			0.292		0.358		This seems better for OII, H, K?			171.55822297	42.61657223	21.105180740356445
228	slitB080_SDSSJ112630.62+423346.3t101020	171.62761779, 42.56286453			?		?					171.62761779	42.56286453	22.271230697631836
227	slitB079_SDSSJ112636.97+423238.9t101019	171.65408042, 42.54415136			?		?					171.65408042	42.54415136	21.85707092285156
226	slitB078_SDSSJ112622.17+423552.7t101018	171.59237533, 42.59799824			0		0		Gb and Hb, maybe MgI || Extinction seems high			171.59237533	42.59799824	21.640840530395508
225	slitB077_SDSSJ112622.17+423552.7t101017	171.59237533, 42.59799824			0		0		Gb, MgI and Hb || Extinction seems high			171.59237533	42.59799824	21.640840530395508
224	slitB076_SDSSJ112631.64+423410.5t101016	171.63184522, 42.56959703			?		?					171.63184522	42.56959703	24.075950622558594
223	slitB075_SDSSJ112637.84+423305.8t101015	171.65768823, 42.55163237			?		?					171.65768823	42.55163237	20.12727928161621
222	slitB074_SDSSJ112635.76+423342.5t101014	171.6490157, 42.56181362			?		?					171.6490157	42.56181362	21.380050659179688
221	slitB073_SDSSJ112639.67+423304.7t101013	171.66531695, 42.55132744			?		?					171.66531695	42.55132744	21.25217056274414
220	slitB072_SDSSJ112628.52+423535.1t101012	171.61887291, 42.59309005			0.356		0.356		OII, does K need to be lower than H all the time because here it is seemingly not the case?			171.61887291	42.59309005	19.91526985168457
219	slitB071_SDSSJ112628.52+423535.1t101011	171.61887291, 42.59309005			0.356		0.356	0.356	OII, H, K, deviated NeV			171.61887291	42.59309005	19.91526985168457
218	slitB070_SDSSJ112619.89+423731.1t101010	171.58290489, 42.6253284			?		?					171.58290489	42.6253284	24.3533992767334
217	slitB069_SDSSJ112619.89+423731.1t101009	171.58290489, 42.6253284			?		?					171.58290489	42.6253284	24.3533992767334
216	slitB068_SDSSJ112616.13+423828.4t101008	171.56724599, 42.64123206			?		?					171.56724599	42.64123206	22.28045082092285
215	slitB067_SDSSJ112616.13+423828.4t101007	171.56724599, 42.64123206			?		?					171.56724599	42.64123206	22.28045082092285
214	slitB066_SDSSJ112632.18+423525.9t101006	171.63409023, 42.59053167			?		?					171.63409023	42.59053167	23.567079544067383
213	slitB065_SDSSJ112632.18+423525.9t101005	171.63409023, 42.59053167			?		?					171.63409023	42.59053167	23.567079544067383
212	slitB064_SDSSJ112626.10+423653.2t101004	171.60876504, 42.61480445			?		?					171.60876504	42.61480445	21.491939544677734
211	slitB063_SDSSJ112626.10+423653.2t101003	171.60876504, 42.61480445			?		?					171.60876504	42.61480445	21.491939544677734
210	slitB062_SDSSJ112636.69+423455.4t101002	171.65291633, 42.58205906			?		?					171.65291633	42.58205906	21.968889236450195
209	slitB061_SDSSJ112639.72+423429.2t101001	171.6655318, 42.57477993			?		?					171.6655318	42.57477993	22.54871940612793
208	slitB060_SDSSJ112623.31+423802.8t101000	171.59713445, 42.63412102			?		?					171.59713445	42.63412102	21.498010635375977
207	slitB059_SDSSJ112623.31+423802.8t100999	171.59713445, 42.63412102			?		?					171.59713445	42.63412102	21.498010635375977
206	slitB058_SDSSJ112622.23+423828.3t100998	171.59262918, 42.64119988			?		?					171.59262918	42.64119988	22.34370994567871
205	slitB057_SDSSJ112622.23+423828.3t100997	171.59262918, 42.64119988			?		?					171.59262918	42.64119988	22.34370994567871
204	slitB056_SDSSJ112628.85+423717.6t100996	171.62024041, 42.62158251			?		?					171.62024041	42.62158251	20.76972007751465
203	slitB055_SDSSJ112628.85+423717.6t100995	171.62024041, 42.62158251			?		?					171.62024041	42.62158251	20.76972007751465
202	slitB054_SDSSJ112630.52+423708.2t100994	171.62718073, 42.61896103			?		?					171.62718073	42.61896103	21.79361915588379
201	slitB053_SDSSJ112630.52+423708.2t100993	171.62718073, 42.61896103			?		?					171.62718073	42.61896103	21.79361915588379
200	slitB052_SDSSJ112636.00+423611.4t100992	171.65000297, 42.60317313			?		?					171.65000297	42.60317313	22.564170837402344
199	slitB051_SDSSJ112636.00+423611.4t100991	171.65000297, 42.60317313			?		?					171.65000297	42.60317313	22.564170837402344
198	slitB050_SDSSJ112635.06+423633.6t100990	171.64610648, 42.60934177			?		?					171.64610648	42.60934177	21.955169677734375
197	slitB049_SDSSJ112635.06+423633.6t100989	171.64610648, 42.60934177			?		?					171.64610648	42.60934177	21.955169677734375
196	slitB048_SDSSJ112626.45+423830.1t100988	171.61022849, 42.6417066			0		0		MgI, OIII doublet || How do 0 redshifts work?			171.61022849	42.6417066	20.086170196533203
195	slitB047_SDSSJ112626.45+423830.1t100987	171.61022849, 42.6417066			0		0		MgI, OIII doublet || How do 0 redshifts work?			171.61022849	42.6417066	20.086170196533203
194	slitB046_SDSSJ112641.98+423531.0t100986	171.67493392, 42.59195824			?		?					171.67493392	42.59195824	23.15744972229004
193	slitB045_SDSSJ112626.95+423845.8t100985	171.61229618, 42.64606676			0.213?		0.213		0.213 seems possible but there is a lot of extinction			171.61229618	42.64606676	20.212549209594727
192	slitB044_SDSSJ112626.95+423845.8t100984	171.61229618, 42.64606676			?		?					171.61229618	42.64606676	20.212549209594727
191	slitB043_SDSSJ112635.64+423711.9t100983	171.6485059, 42.61999983			?		?					171.6485059	42.61999983	23.856300354003903
190	slitB042_SDSSJ112635.64+423711.9t100982	171.6485059, 42.61999983			?		?					171.6485059	42.61999983	23.856300354003903
189	slitB041_SDSSJ112631.79+423809.3t100981	171.63249398, 42.63593856			?		?					171.63249398	42.63593856	19.34044075012207
188	slitB040_SDSSJ112631.79+423809.3t100980	171.63249398, 42.63593856			?		?					171.63249398	42.63593856	19.34044075012207
187	slitB039_SDSSJ112637.15+423718.5t100979	171.65480307, 42.62181853			?		?					171.65480307	42.62181853	21.30904960632324
186	slitB038_SDSSJ112631.72+423835.1t100978	171.63217932, 42.64308905			?		?					171.63217932	42.64308905	23.34453010559082
185	slitB037_SDSSJ112631.72+423835.1t100977	171.63217932, 42.64308905			?		?					171.63217932	42.64308905	23.34453010559082
184	slitB036_SDSSJ112624.09+424018.6t100976	171.60040755, 42.67184163			?		?					171.60040755	42.67184163	21.831640243530273
183	slitB035_SDSSJ112624.09+424018.6t100975	171.60040755, 42.67184163			?		?					171.60040755	42.67184163	21.831640243530273
182	slitB034_SDSSJ112643.35+423634.8t100974	171.68062901, 42.60968436			?		0.1141		I do not have proper expertise for this part as Gband is quite new of an absorption line to me T-T			171.68062901	42.60968436	21.493370056152344
181	slitB033_SDSSJ112643.59+423647.9t100973	171.68165155, 42.61330601			?		?		Looks like real features present but do not exactly know which ones T-T			171.68165155	42.61330601	17.029909133911133
180	slitB032_SDSSJ112634.56+423852.1t100972	171.64403987, 42.64782343			0.2784		0.278	0.2784	OII, MgI, Hdelta, maybe H and K, possible Gb			171.64403987	42.64782343	19.739730834960938
179	slitB031_SDSSJ112634.56+423852.1t100971	171.64403987, 42.64782343			0.2785		0.2785	0.2784	OII, MgI, maybe H and K, possible Gb			171.64403987	42.64782343	19.739730834960938
178	slitB030_SDSSJ112644.87+423656.8t100970	171.68696454, 42.61579918					?					171.68696454	42.61579918	19.18972969055176
177	slitB029_SDSSJ112650.99+423553.3t100969	171.71246007, 42.59814379					?					171.71246007	42.59814379	21.369600296020508
176	slitB028_SDSSJ112637.25+423856.1t100968	171.65524632, 42.64893277					?					171.65524632	42.64893277	19.31464958190918
175	slitB027_SDSSJ112655.44+423526.9t100967	171.73103777, 42.59081677					?					171.73103777	42.59081677	20.29998016357422
174	slitB026_SDSSJ112631.34+424031.9t100966	171.63059432, 42.67554606					?					171.63059432	42.67554606	21.583890914916992
173	slitB025_SDSSJ112631.34+424031.9t100965	171.63059432, 42.67554606					?					171.63059432	42.67554606	21.583890914916992
172	slitB024_SDSSJ112637.95+423923.9t100964	171.65814717, 42.65665827			0.168		0.147		Features are very weird and erratic			171.65814717	42.65665827	21.650190353393555
171	slitB023_SDSSJ112631.60+424052.7t100963	171.63169735, 42.68131784			0.275		0.274		Very rough			171.63169735	42.68131784	22.02927017211914
170	slitB022_SDSSJ112631.60+424052.7t100962	171.63169735, 42.68131784			0.275		0.274		Believeable but rough			171.63169735	42.68131784	22.02927017211914
169	slitB021_SDSSJ112655.92+423606.0t100961	171.73300226, 42.60167146					?					171.73300226	42.60167146	24.92108917236328
168	slitB020_SDSSJ112647.93+423754.2t100960	171.6997254, 42.63174491					?					171.6997254	42.63174491	21.95669937133789
167	slitB019_SDSSJ112636.95+424019.2t100959	171.65399686, 42.67200509					?					171.65399686	42.67200509	21.21162986755371
166	slitB018_SDSSJ112652.45+423720.5t100958	171.71858086, 42.62236289					?					171.71858086	42.62236289	20.794700622558594
165	slitB017_SDSSJ112649.14+423812.1t100957	171.70476881, 42.63671402					?					171.70476881	42.63671402	22.141769409179688
164	slitB016_SDSSJ112656.45+423653.2t100956	171.73521777, 42.61480081					?					171.73521777	42.61480081	23.775239944458008
163	slitB015_SDSSJ112650.51+423816.4t100955	171.71048387, 42.63791384					?					171.71048387	42.63791384	22.259620666503903
162	slitB014_SDSSJ112656.15+423721.4t100954	171.73398779, 42.62263768			?		0.185		MgI is probably the only believable one (too noisy -- redone) 1-D extract should be redone			171.73398779	42.62263768	22.02622985839844
161	slitB013_SDSSJ112649.65+423852.4t100953	171.70689766, 42.64789743					?					171.70689766	42.64789743	18.850759506225582
160	slitB012_SDSSJ112650.28+423900.8t100952	171.70951583, 42.65024075					?					171.70951583	42.65024075	21.936220169067383
159	slitB011_SDSSJ112645.43+424010.0t100951	171.6893326, 42.6694648					?					171.6893326	42.6694648	22.75050926208496
158	slitB010_SDSSJ112650.80+423915.3t100950	171.71170196, 42.65425411					?					171.71170196	42.65425411	21.86408042907715
157	slitB009_SDSSJ112659.45+423739.7t100949	171.74774214, 42.62770182					?					171.74774214	42.62770182	21.916589736938477
156	slitB008_SDSSJ112703.61+423701.0t100948	171.76505035, 42.6169479					?					171.76505035	42.6169479	23.23969078063965
155	slitB007_SDSSJ112647.12+424034.7t100947	171.69636078, 42.67631121			0.2517		0.25	0.2517	H, K, MgI, Gb, NeV doublet,  HeI, NaD || A lot of them are absorption, is this something we should be interested in (maybe a gas cloud or smthng)			171.69636078	42.67631121	18.692110061645508
154	slitB006_SDSSJ112702.21+423742.2t100946	171.75923264, 42.62840731					?					171.75923264	42.62840731	20.273269653320312
153	slitB005_SDSSJ112640.10+424223.0t100945	171.66711234, 42.70640543					?					171.66711234	42.70640543	22.12017059326172
152	slitB004_SDSSJ112645.40+424129.3t100944	171.68920534, 42.6914758					?					171.68920534	42.6914758	24.644250869750977
151	slitB003_SDSSJ112652.35+424017.1t100943	171.71815467, 42.67144179					?					171.71815467	42.67144179	22.004899978637695
150	slitB002_SDSSJ112707.04+423730.3t100942	171.77935895, 42.62510638					?					171.77935895	42.62510638	21.43963050842285
149	slitB001_SDSSJ112708.91+423720.0t100941	171.78713865, 42.62223669				?	?					171.78713865	42.62223669	22.938329696655273
148	slitA148_SDSSJ112623.73+422427.6t100940.fits	171.59887583, 42.40767858				0.349	0.349		OIII Doublet, Hbeta, OII, H and K			171.59887583	42.40767858	20.39105987548828
147	slitA147_SDSSJ112625.40+422417.8t100939.fits	171.60586312, 42.40497203			show	0.3495	0.349	0.3495	OIII Doublet, Hbeta, OII, H and K (H and K don't line up exactly but an approximation had to be made for the best overall fit).       Gband????			171.60586312	42.40497203	22.755420684814453
146	slitA146_SDSSJ112632.74+422301.2t100938.fits	171.63644986, 42.38367037			show	0.3236	?	0.3236	OIII Doublet, Hbeta, OII, H and K (H and K don't line up exactly but an approximation had to be made for the best overall fit). 			171.63644986	42.38367037	24.281139373779297
145	slitA145_SDSSJ112634.62+422250.3t100937.fits	171.64428028, 42.38066217			show	0.1932	0.194	0.1932	OIII Doublet, Hbeta, OII, H and K			171.64428028	42.38066217	18.858970642089844
144	slitA144_SDSSJ112634.04+422307.6t100936.fits	171.64185915, 42.38545998				?	?					171.64185915	42.38545998	19.52985954284668
143	slitA143_SDSSJ112636.34+422250.5t100935.fits	171.65144915, 42.38072154				?	?					171.65144915	42.38072154	22.623380661010746
142	slitA142_SDSSJ112633.47+422336.1t100934.fits	171.63947689, 42.39338413				?	?					171.63947689	42.39338413	21.258529663085938
141	slitA141_SDSSJ112633.12+422351.5t100933.fits	171.63801092, 42.39764738			show	0.28	0.28	0.28	 OII, H and K			171.63801092	42.39764738	20.48426055908203
140	slitA140_SDSSJ112653.28+421959.1t100932.fits	171.72201228, 42.33308604			similar to before	0.6825	0.6825		Hep, H and K			171.72201228	42.33308604	22.563459396362305
139	slitA139_SDSSJ112653.28+421959.1t100931.fits	171.72201228, 42.33308604			show	0.6825	0.682	0.6825	Hep, H and K			171.72201228	42.33308604	22.563459396362305
138	slitA138_SDSSJ112647.94+422116.2t100930.fits	171.69977285, 42.35452569			similar to before	0.4096	0.409		OIII doublet, Hband and OII line up with reagen's redshift while H and K, Hd and OII lines up with sarayu's redshift			171.69977285	42.35452569	21.221439361572266
137	slitA137_SDSSJ112647.94+422116.2t100929.fits	171.69977285, 42.35452569			show	0.409	0.409	0.409	OIII Doublet, Hbeta, OII, H and K (H and K don't line up exactly but an approximation had to be made for the best overall fit).			171.69977285	42.35452569	21.221439361572266
136	slitA136_SDSSJ112648.88+422118.5t100928.fits	171.70370692, 42.3551486			similar to before	0.4121	0.412		 OII, H and K, Hep, Gband			171.70370692	42.3551486	20.66752052307129
135	slitA135_SDSSJ112648.88+422118.5t100927.fits	171.70370692, 42.3551486			show	0.4121	0.412	0.4121	 OII, H and K, Hep, Gband, one of the OIII doublet lines up			171.70370692	42.3551486	20.66752052307129
134	slitA134_SDSSJ112636.19+422407.2t100926.fits	171.65081471, 42.40200389				?	?		OII,  H and K, OIII doublet ???			171.65081471	42.40200389	22.649229049682617
133	slitA133_SDSSJ112643.49+422247.8t100925.fits	171.68122665, 42.37995604				?	?					171.68122665	42.37995604	19.96697998046875
132	slitA132_SDSSJ112639.88+422344.3t100924.fits	171.66617165, 42.39564201			show	0.1997	0.1995	0.1997	OIII Doublet, Hbeta, OII, H and K			171.66617165	42.39564201	21.96895980834961
131	slitA131_SDSSJ112652.59+422118.9t100923.fits	171.71916286, 42.35526064				?	?					171.71916286	42.35526064	22.662179946899418
130	slitA130_SDSSJ112652.59+422118.9t100922.fits	171.71916286, 42.35526064				?	?					171.71916286	42.35526064	22.662179946899418
129	slitA129_SDSSJ112645.60+422255.1t100921.fits	171.69001554, 42.38197609				?	?					171.69001554	42.38197609	22.395769119262695
128	slitA128_SDSSJ112645.60+422255.1t100920.fits	171.69001554, 42.38197609				?	?					171.69001554	42.38197609	22.395769119262695
127	slitA127_SDSSJ112652.55+422140.9t100919.fits	171.71899729, 42.36136151			similar to before	0.411	0.41		Gband, H and K			171.71899729	42.36136151	21.16468048095703
126	slitA126_SDSSJ112652.55+422140.9t100918.fits	171.71899729, 42.36136151			show	0.411	0.41	0.411	Gband, H and K			171.71899729	42.36136151	21.16468048095703
125	slitA125_SDSSJ112651.81+422202.5t100917.fits	171.71588427, 42.36736332			similar to before	0.573?	0.573?		OII, Heta and Gband line up but OIII doublet???			171.71588427	42.36736332	23.11794090270996
124	slitA124_SDSSJ112651.81+422202.5t100916.fits	171.71588427, 42.36736332			show	0.573?	?		OII, Hth, Heta, one OIII doublet almost lines up			171.71588427	42.36736332	23.11794090270996
123	slitA123_SDSSJ112657.92+422100.3t100915.fits	171.74134885, 42.35009139				?	?					171.74134885	42.35009139	22.069189071655273
122	slitA122_SDSSJ112657.92+422100.3t100914.fits	171.74134885, 42.35009139				?	?					171.74134885	42.35009139	22.069189071655273
121	slitA121_SDSSJ112700.01+422053.7t100913.fits	171.75005452, 42.34825536			?	0.297?	0.312?		OII is the only identifiable line feature			171.75005452	42.34825536	22.16935920715332
120	slitA120_SDSSJ112700.01+422053.7t100912.fits	171.75005452, 42.34825536				?	0.312		This spectra looks like slit_121			171.75005452	42.34825536	22.16935920715332
119	slitA119_SDSSJ112647.11+422342.4t100911.fits	171.69631897, 42.39513313			similar to before	0.6595	?		OII, H and K, Heta, Hb and one OIII line			171.69631897	42.39513313	23.26660919189453
118	slitA118_SDSSJ112647.11+422342.4t100910.fits	171.69631897, 42.39513313			re-try	0.6595	?		OII, H and K, Heta, Hb and one OIII line (looks similar to slit_119)			171.69631897	42.39513313	23.26660919189453
117	slitA117_SDSSJ112656.37+422159.1t100909.fits	171.73488606, 42.3664422				?	?		No real feature			171.73488606	42.3664422	20.793190002441406
116	slitA116_SDSSJ112656.37+422159.1t100908.fits	171.73488606, 42.3664422				?	?		No real feature			171.73488606	42.3664422	20.793190002441406
115	slitA115_SDSSJ112653.94+422241.9t100907.fits	171.72475498, 42.37830872			similar to before	0.2929	0.292		OII, H and K, Heta, Gband and OIII doublet			171.72475498	42.37830872	20.739089965820312
114	slitA114_SDSSJ112653.94+422241.9t100906.fits	171.72475498, 42.37830872				0.2929	0.292	0.2929	OII, H and K, Heta, Gband and OIII doublet			171.72475498	42.37830872	20.739089965820312
113	slitA113_SDSSJ112650.05+422340.6t100905.fits	171.70855821, 42.39463008			similar to before	0.348	0.348		OII, H and K, Hep, Hd			171.70855821	42.39463008	21.36552047729492
112	slitA112_SDSSJ112650.05+422340.6t100904.fits	171.70855821, 42.39463008				0.3482	0.348	0.3482	OII, H and K, Hep, Hd			171.70855821	42.39463008	21.36552047729492
111	slitA111_SDSSJ112656.81+422229.4t100903.fits	171.8157822, 42.4781051			similar to before	0.815	0.815		OII, H and K			171.8157822	42.4781051	20.464038848876953
110	slitA110_SDSSJ112656.81+422229.4t100902.fits	171.73674333, 42.37485202				0.8144	0.815	0.8144	OII, H and K			171.73674333	42.37485202	21.776599884033203
109	slitA109_SDSSJ112658.70+422216.8t100901.fits	171.74460714, 42.37134504				?	?					171.74460714	42.37134504	22.98944091796875
108	slitA108_SDSSJ112658.70+422216.8t100900.fits	171.74460714, 42.37134504				?	?					171.74460714	42.37134504	22.98944091796875
107	slitA107_SDSSJ112651.36+422401.3t100899.fits	171.7140388, 42.40037923			similar to before	0.544	0.544		OII, H and K			171.7140388	42.40037923	21.565269470214844
106	slitA106_SDSSJ112651.36+422401.3t100898.fits	171.7140388, 42.40037923				0.545	0.545	0.545	OII, H and K, Gband but Hbeta is in absorption?			171.7140388	42.40037923	21.565269470214844
105	slitA105_SDSSJ112648.23+422453.4t100897.fits	171.70098964, 42.41485562				?	?					171.70098964	42.41485562	18.35055923461914
104	slitA104_SDSSJ112648.23+422453.4t100896.fits	171.70098964, 42.41485562				?	?					171.70098964	42.41485562	18.35055923461914
103	slitA103_SDSSJ112647.25+422516.3t100895.fits	171.6969057, 42.4212221			re-try (similar to before)	0.508?	?		Hbeta, OIII doublet, Heta			171.6969057	42.4212221	22.519920349121097
102	slitA102_SDSSJ112647.25+422516.3t100894.fits	171.6969057, 42.4212221			re-try	0.508?	?		Hbeta, OIII doublet, Heta (same as slit_103)			171.6969057	42.4212221	22.519920349121097
101	slitA101_SDSSJ112706.15+422138.7t100893.fits	171.77566258, 42.3607702			similar to before?	0.1889	0.188		OII, H and K, Hbeta, OIII doublet			171.77566258	42.3607702	21.69985008239746
100	slitA100_SDSSJ112706.15+422138.7t100892.fits	171.77566258, 42.3607702				0.1889	0.188	0.1889	OII, H and K, Hbeta, OIII doublet			171.77566258	42.3607702	21.69985008239746
99	slitA099_SDSSJ112705.66+422157.1t100891.fits	171.77361075, 42.36586602			similar to before	0.2516	0.251		OII, H and K, Hbeta but OIII in absorption?			171.77361075	42.36586602	19.30876922607422
98	slitA098_SDSSJ112705.66+422157.1t100890.fits	171.77361075, 42.36586602				0.2516	0.251	0.2516	OII, H and K, Hbeta but OIII in absorption?			171.77361075	42.36586602	19.30876922607422
97	slitA097_SDSSJ112647.99+422547.7t100889.fits	171.6999977, 42.4299213				?	?					171.6999977	42.4299213	19.605239868164062
96	slitA096_SDSSJ112647.99+422547.7t100888.fits	171.6999977, 42.4299213				?	?		same as slit_97			171.6999977	42.4299213	19.605239868164062
95	slitA095_SDSSJ112646.07+422622.8t100887.fits	171.69198066, 42.43967689				?	?		no real feature			171.69198066	42.43967689	20.92061996459961
94	slitA094_SDSSJ112646.07+422622.8t100886.fits	171.69198066, 42.43967689				?	?		no real feature			171.69198066	42.43967689	20.92061996459961
93	slitA093_SDSSJ112701.57+422326.4t100885.fits	171.75654292, 42.390675			similar to before	0.406? / 0.3464	0.346		OII, H and K, Hth, Hg			171.75654292	42.390675	20.464799880981445
92	slitA092_SDSSJ112701.57+422326.4t100884.fits	171.75654292, 42.390675				0.406? / 0.3464	0.347		OII, H and K, Hth, Hg (Same as slit_93)			171.75654292	42.390675	20.464799880981445
91	slitA091_SDSSJ112654.80+422500.7t100883.fits	171.72833415, 42.41687374				?	?					171.72833415	42.41687374	23.331270217895508
90	slitA090_SDSSJ112654.80+422500.7t100882.fits	171.72833415, 42.41687374				?	?		same as slit_91			171.72833415	42.41687374	23.331270217895508
89	slitA089_SDSSJ112654.60+422513.3t100881.fits	171.72753814, 42.42036385				?	?					171.72753814	42.42036385	21.436140060424805
88	slitA088_SDSSJ112654.60+422513.3t100880.fits	171.72753814, 42.42036385				?	?					171.72753814	42.42036385	21.436140060424805
87	slitA087_SDSSJ112653.52+422540.8t100879.fits	171.72300605, 42.42801166				0.762	?		OII, Hbeta, one OIII line, H and Hep, Heta			171.72300605	42.42801166	22.58917999267578
86	slitA086_SDSSJ112653.52+422540.8t100878.fits	171.72300605, 42.42801166				0.762	?		OII, Hbeta, one OIII line, H and Hep, Heta (same as slit_87)			171.72300605	42.42801166	22.58917999267578
85	slitA085_SDSSJ112659.22+422443.0t100877.fits	171.74675688, 42.41194879			similar to before	0.707?	?		OII, Hth, H and K, one OIII line			171.74675688	42.41194879	21.940330505371097
84	slitA084_SDSSJ112659.22+422443.0t100876.fits	171.74675688, 42.41194879			re-try	0.707?	?		OII, Hth, H and K, one OIII line (same as slit_85)			171.74675688	42.41194879	21.940330505371097
83	slitA083_SDSSJ112704.00+422355.4t100875.fits	171.76667495, 42.39873765			re-try	0.371?	?		OII, Hz, Heta, one OIII line			171.76667495	42.39873765	24.939929962158203
82	slitA082_SDSSJ112704.00+422355.4t100874.fits	171.76667495, 42.39873765				?	?					171.76667495	42.39873765	24.939929962158203
81	slitA081_SDSSJ112702.02+422433.7t100873.fits	171.75841799, 42.40938576				?	?					171.75841799	42.40938576	21.556840896606445
80	slitA080_SDSSJ112702.02+422433.7t100872.fits	171.75841799, 42.40938576				?	?					171.75841799	42.40938576	21.556840896606445
79	slitA079_SDSSJ112647.64+422741.8t100871.fits	171.6985236, 42.46163834			similar to before	0.2753	0.274		Heta, H and K but OII doesn't line up exactly			171.6985236	42.46163834	20.231529235839844
78	slitA078_SDSSJ112647.64+422741.8t100870.fits	171.6985236, 42.46163834				0.2753	0.275	0.2753	Heta, H and K but OII doesn't line up exactly			171.6985236	42.46163834	20.231529235839844
77	slitA077_SDSSJ112645.72+422815.6t100869.fits	171.69053875, 42.47101458				0.1206	0.121	0.1206	Hbeta and OIII doublet			171.69053875	42.47101458	17.497970581054688
76	slitA076_SDSSJ112651.19+422720.3t100868.fits	171.71331289, 42.45565187			similar to before	0.3889	0.335		OII, H and K, Gband and one OIII line			171.71331289	42.45565187	18.55219078063965
75	slitA075_SDSSJ112651.19+422720.3t100867.fits	171.71331289, 42.45565187			re-try	0.3889	0.325		OII, H and K, Gband and one OIII line (same as slit_76)			171.71331289	42.45565187	18.55219078063965
74	slitA074_SDSSJ112706.63+422422.3t100866.fits	171.77766144, 42.4062221			similar to before	0.4104	0.4105		OII, H and K, Gband, Hbeta			171.77766144	42.4062221	21.460960388183594
73	slitA073_SDSSJ112706.63+422422.3t100865.fits	171.77766144, 42.4062221				0.4104	0.4105	0.4104	OII, H and K, Gband, Hbeta (same as slit_74)			171.77766144	42.4062221	21.460960388183594
72	slitA072_SDSSJ112704.42+422500.0t100864.fits	171.76842508, 42.4166897			similar to before	0.342	0.3425		H and K, Gband, Hg			171.76842508	42.4166897	22.271570205688477
71	slitA071_SDSSJ112704.42+422500.0t100863.fits	171.76842508, 42.4166897				0.342	0.3425	0.342	H and K, Gband, Hg (same as slit_72)			171.76842508	42.4166897	22.271570205688477
70	slitA070_SDSSJ112714.56+422306.4t100862.fits	171.81068618, 42.38513396			similar to before	0.3739	0.3732		H and K, Gband, Hg, Hd			171.81068618	42.38513396	20.0672607421875
69	slitA069_SDSSJ112714.56+422306.4t100861.fits	171.81068618, 42.38513396				0.3739	0.373	0.3739	H and K, Gband, Hg, Hd (same as slit_70)			171.81068618	42.38513396	20.0672607421875
68	slitA068_SDSSJ112648.84+422833.0t100860.fits	171.70353584, 42.47585234			similar to before	0.4712	0.4715		H and K, Gband, Hg, Hd			171.70353584	42.47585234	20.41972923278809
67	slitA067_SDSSJ112648.84+422833.0t100859.fits	171.70353584, 42.47585234				0.4712	0.4715	0.4712	 H and K, Gband, Hg, Hd (same as slit_68)			171.70353584	42.47585234	20.41972923278809
66	slitA066_SDSSJ112706.07+422513.6t100858.fits	171.77530952, 42.4204464			re-try	0.4405	0.44		H and K, Gband (not exactly), Hd, Hth, Heta			171.77530952	42.4204464	21.98921012878418
65	slitA065_SDSSJ112706.07+422513.6t100857.fits	171.77530952, 42.4204464				0.4405	0.44	0.4405	H and K, Gband (not exactly), Hd, Hth, Heta (same as slit_66)			171.77530952	42.4204464	21.98921012878418
64	slitA064_SDSSJ112700.51+422632.1t100856.fits	171.75216049, 42.44225879			re-try	0.3471	0.347	?	H and K, Gband, Hg, Hd, Hbeta in absorption???			171.75216049	42.44225879	20.9773006439209
63	slitA063_SDSSJ112700.51+422632.1t100855.fits	171.75216049, 42.44225879			re-try	0.3471	0.347	?	H and K, Gband, Hg, Hd, Hbeta in absorption???			171.75216049	42.44225879	20.9773006439209
62	slitA062_SDSSJ112708.84+422500.8t100854.fits	171.78683435, 42.41691624			re-try	0.5437?	?	?	OII, Hth, Heta			171.78683435	42.41691624	22.733680725097656
61	slitA061_SDSSJ112708.84+422500.8t100853.fits	171.78683435, 42.41691624			re-try	0.5437?	?	?	OII, Hth, Heta (same as slit_62)			171.78683435	42.41691624	22.733680725097656
60	slitA060_23.0t100852.fits	171.7423236, 42.4566519			re-try	0.6203	0.62	?	OII, Hth, Heta, H, Hep, Hd, Gband, Hg, Hbeta			171.7423236	42.4566519	21.862218856811523
59	slitA059_SDSSJ112701.09+422708.7t100851.fits	171.75457333, 42.45241872				0.41	0.41	0.41	OII, Hth, Heta, H, Hep, Hd, Gband, Hbeta, OIII doublet			171.75457333	42.45241872	22.451919555664062
58	slitA058_SDSSJ112701.09+422708.7t100850.fits	171.75457333, 42.45241872				0.4098	0.412	0.4098	OII, Hth, Heta, H, Hep, Hd, Gband, Hbeta			171.75457333	42.45241872	22.451919555664062
57	slitA057_9.0t100849.fits	171.7575578, 42.452935				?	?		OII, Heta, H and K, Hd, Hbeta, OIII doublet			171.7575578	42.452935	22.8740234375
56	slitA056_28.0t100848.fits	171.7536842, 42.4596669			re-try	0.7219?	0.723		OII, Heta, H and K, Hg, Gband, OIII doublet			171.7536842	42.4596669	21.895809173583984
55	slitA055_109.0t100847.fits	171.7368408, 42.4772227				0.4125	0.411	0.4125				171.7368408	42.4772227	20.914196014404297
54	slitA054_20.0t100846.fits	171.7662129, 42.4563257			re-try	0.4954?	?		OII, Hth, Heta, H, Hep, Gband, OIII line			171.7662129	42.4563257	21.678531646728516
53	slitA053_123.0t100845.fits	171.7418532, 42.4792729				?	?					171.7418532	42.4792729	22.686527252197266
52	slitA052_r206t100844.fits	171.758980303, 42.468458887				0.4469	0.4465	0.4469	Hth, Heta, Gband, K			171.758980303	42.468458887	20.054931640625
51	slitA051_r202t100843.fits	171.762618946, 42.469891916				0.3441	0.344	0.3441	OII, Hth, Heta, H and K, Hd, Gband, Hg			171.762618946	42.469891916	20.26719093322754
50	slitA050_r203t100842.fits	171.765962593, 42.471182945			do hw	0.4474	0.4475		OII, Hth, Heta, H and K, Hd, Gband, Hbeta, OIII doublet			171.765962593	42.471182945	20.266929626464844
49	slitA049_29.0t100841.fits	171.7853463, 42.4594511				?	?					171.7853463	42.4594511	22.321908950805664
48	slitA048_1.0t100840.fits	171.8071499, 42.4458322				0.4093	0.409	0.41	OII, Hth, Heta, H and K, Hd, Gband, Hg, Hd			171.8071499	42.4458322	19.80826759338379
47	slitA047_81.0t100839.fits	171.7807765, 42.4704642				0.3478	0.348	0.3478	Hth, Heta, H and K, Hd, Gband, Hg			171.7807765	42.4704642	20.750194549560547
46	slitA046_54.0t100838.fits	171.7911959, 42.4649276				?	?					171.7911959	42.4649276	23.086708068847656
45	slitA045_33.0t100837.fits	171.7996707, 42.4609087				0.3521	0.352	0.3521	Heta, H and K, Gband, Hd			171.7996707	42.4609087	21.06100082397461
44	slitA044_30.0t100836.fits	171.8056454, 42.4595659			re-try	0.3442?	0.344	0.344?				171.8056454	42.4595659	21.92347717285156
43	slitA043_87.0t100835.fits	171.7942917, 42.4718929				0.3483	0.348	0.3483	Heta, H and K, Gband, Hd, Hg			171.7942917	42.4718929	19.40791702270508
42	slitA042_r13t100834.fits	171.8031496, 42.4675891				0.3433	0.343	0.3433	Heta, Hep, H, K, Gband, Hd			171.8031496	42.4675891	19.588022232055664
41	slitA041_r12t100833.fits	171.8001795, 42.4728434				?	?					171.8001795	42.4728434	19.19183921813965
40	slitA040_r9t100832.fits	171.8104559, 42.4686122				?	?					171.8104559	42.4686122	22.333683013916016
39	slitA039_tsrrt100831.fits	171.8086692, 42.4751195				0.3488	0.348	0.3488				171.8086692	42.4751195	24.567934036254883
38	slitA038_tslrt100830.fits	171.8150744, 42.4751284				?	?					171.8150744	42.4751284	23.214948654174805
37	slitA037_a111t100829.fits	171.8157822, 42.4781051				?	?					171.8157822	42.4781051	20.464038848876953
36	slitA036_r3t100828.fits	171.8184934, 42.4791384				0.3848	0.388	0.339	Hth, Heta, H, Hep, Gband, Hbeta	(new range?)		171.8184934	42.4791384	20.02153778076172
35	slitA035_133.0t100827.fits	171.8181025, 42.4825993				0.6196	0.619	0.6196	OII, Hth, Heta, H and K, Hd, Gband, Hg, one OIII line			171.8181025	42.4825993	20.72420310974121
34	slitA034_r10t100826.fits	171.8252231, 42.48053				0.5523	0.352	0.352	Hth, Heta, K, Gband			171.8252231	42.48053	21.205127716064453
33	slitA033_47.0t100825.fits	171.851315, 42.4631058										171.851315	42.4631058	22.210756301879883
32	slitA032_149.0t100824.fits	171.8191716, 42.4932145				0.6226	0.6225	0.6226				171.8191716	42.4932145	20.817142486572266
31	slitA031_140.0t100823.fits	171.8323616, 42.4853839										171.8323616	42.4853839	22.03372573852539
30	slitA030_SDSSJ112717.77+422942.9t100822.fits	171.82406483, 42.49525299				0.3725	0.3715	0.3725	OII in emission, H and K in absorption, Hbeta in emission, OIII doublet in emission			171.82406483	42.49525299	22.8028507232666
29	slitA029_155.0t100821.fits	171.8259544, 42.4978053				0.5437	0.543	0.5437	OII in emission, H and K in absorption, Gband in absorption			171.8259544	42.4978053	21.590784072875977
28	slitA028_151.0t100820.fits	171.8325418, 42.4953386				0.3493	0.3485	0.3493	H and K in absorption, Gband in absorption			171.8325418	42.4953386	20.69926643371582
27	slitA027_111497t100819.fits	171.812306, 42.516637				?	?					171.812306	42.516637	18.097999572753903
26	slitA026_SDSSJ112721.88+422947.5t100818.fits	171.84118955, 42.49653182				0.3473	0.3475	0.3473	OII in emission, H and K in absorption, Hbeta in emission, OIII doublet in emission			171.84118955	42.49653182	22.096500396728516
25	slitA025_SDSSJ112733.38+422736.5t100817.fits	171.88909817, 42.46015419				0.5444	0.5435	0.5444	OII in emission, H and K in absorption, Gband in absorption			171.88909817	42.46015419	22.03805923461914
24	slitA024_117738t100816.fits	171.872757, 42.476774				0.3163	0.316	0.3163	OII in emission, H and K in absorption, Hbeta in emission, OIII doublet in emission			171.872757	42.476774	20.641000747680664
23	slitA023_SDSSJ112720.22+423041.1t100815.fits	171.83426463, 42.51142277				0.2925	0.293	0.2925	OII in emission, H and K in absorption, Hbeta in emission, OIII doublet in emission (NeV in absorption?)			171.83426463	42.51142277	22.24159049987793
22	slitA022_SDSSJ112720.50+423048.5t100814.fits	171.83543307, 42.51349739				0.5077	0.508	0.5078				171.83543307	42.51349739	22.062490463256836
21	slitA021_113019t100813.fits	171.848235, 42.506764				?	?					171.848235	42.506764	20.85300064086914
20	slitA020_SDSSJ112715.03+423220.4t100812.fits	171.81263881, 42.53902178				0.5397	0.5395	0.5397	OII in emission, H and K in absorption, Hbeta in emission, OIII doublet in emission			171.81263881	42.53902178	22.029949188232425
19	slitA019_SDSSJ112720.85+423120.7t100811.fits	171.83690239, 42.52243022				?	?					171.83690239	42.52243022	22.87921905517578
18	slitA018_SDSSJ112715.04+423243.0t100810.fits	171.81269026, 42.54527873				0.386	0.3852	0.3857	OII in emission, H and K in absorption, Hbeta in emission			171.81269026	42.54527873	22.316370010375977
17	slitA017_109057t100809.fits	171.833798, 42.531462				?	?					171.833798	42.531462	19.150999069213867
16	slitA016_SDSSJ112738.49+422819.6t100808.fits	171.91037516, 42.47213835			re-try	0.4?	?					171.91037516	42.47213835	21.80207061767578
15	slitA015_SDSSJ112714.58+423328.6t100807.fits	171.81076225, 42.55794679				0.367	0.367	0.368	H and K in absorption, H-beta in emission, OIII doublet in emission			171.81076225	42.55794679	20.217369079589844
14	slitA014_SDSSJ112717.17+423307.5t100806.fits	171.8215695, 42.55209976				0.61	0.611	0.61	H and K in absorption, H-beta in emission, OIII doublet in emission 			171.8215695	42.55209976	22.193260192871097
13	slitA013_SDSSJ112739.18+422849.0t100805.fits	171.91328616, 42.48029379				0.354?	?		H and K in absorption though they aren’t aligned well			171.91328616	42.48029379	22.723289489746097
12	slitA012_SDSSJ112733.25+423014.1t100804.fits	171.88855583, 42.50394266				?	?					171.88855583	42.50394266	22.90777015686035
11	slitA011_SDSSJ112739.32+422909.9t100803.fits	171.91385743, 42.4861086				?	?					171.91385743	42.4861086	23.28537940979004
10	slitA010_SDSSJ112741.23+422856.4t100802.fits	171.92182285, 42.48235981				0.355?	?		H and K in absorption but there don’t seem to be any other believable line features			171.92182285	42.48235981	22.494020462036133
9	slitA009_SDSSJ112731.60+423114.2t100801.fits	171.88167648, 42.5206363				?	?					171.88167648	42.5206363	21.2393798828125
8	slitA008_SDSSJ112722.99+423310.7t100800.fits	171.84580206, 42.55297785			re-try	0.473?	?		Not very sure about this redshift. I couldn’t identify any key features. Tried to match up H and K in absorption			171.84580206	42.55297785	22.86240005493164
7	slitA007_SDSSJ112729.87+423156.0t100799.fits	171.87447652, 42.53224042			re-try	0.488?	?	0.346?	H and K in absorption. But NeV is in absorption which is suspicious			171.87447652	42.53224042	23.261669158935547
6	slitA006_SDSSJ112725.13+423306.7t100798.fits	171.85470934, 42.55188844				0.6328	0.632	0.6328	H and K in absorption, H-beta in emission, OIII doublet in emission though the alignment is slightly off			171.85470934	42.55188844	22.491840362548828
5	slitA005_SDSSJ112730.27+423214.9t100797.fits	171.87613468, 42.53748819				0.541	0.54	0.541	H and K in absorption, Gband in absorption			171.87613468	42.53748819	21.86185073852539
4	slitA004_SDSSJ112726.53+423312.6t100796.fits	171.86055864, 42.55350998				0.5215	0.521	0.5215	H and K in absorption, OII in emission, Gband in absorption			171.86055864	42.55350998	21.67403030395508
3	slitA003_SDSSJ112730.01+423245.6t100795.fits	171.87505573, 42.54600219				0.5396	0.539	0.5396	H and K in absorption, NeV are in emission thought not aligned properly, Gband in absorption			171.87505573	42.54600219	21.864490509033203
2	slitA002_SDSSJ112729.95+423256.8t100794.fits	171.87483087, 42.54912499				?	?					171.87483087	42.54912499	22.31954002380371
1	slitA001_SDSSJ112727.80+423334.3t100793.fits	171.8658386, 42.55954366				0.3038	0.3038	0.3042	OII in emission, H and K in absorption, 			171.8658386	42.55954366	20.537860870361328
