Spectrum #,Spectrum ID,Neel,Sarayu,Reagen,Brenda,ra,dec,slit,i_mag,targetnum,name,side
1.0,slitA001_SDSSJ112727.80+423334.3t100793.fits,,0.3038,0.3038,0.3042,171.865839,42.559544,1457,20.537860870361328,13833,SDSSJ112727.80+423334.3,A
2.0,slitA002_SDSSJ112729.95+423256.8t100794.fits,,?,?,,171.874831,42.549125,1466,22.31954002380371,13845,SDSSJ112729.95+423256.8,A
3.0,slitA003_SDSSJ112730.01+423245.6t100795.fits,,0.5396,0.539,,171.875056,42.546002,1379,21.864490509033203,13742,SDSSJ112730.01+423245.6,A
4.0,slitA004_SDSSJ112726.53+423312.6t100796.fits,,0.5215,0.521,,171.860559,42.55351,1524,21.67403030395508,13946,SDSSJ112726.53+423312.6,A
5.0,slitA005_SDSSJ112730.27+423214.9t100797.fits,,0.541,0.54,,171.876135,42.537488,1529,21.86185073852539,13951,SDSSJ112730.27+423214.9,A
6.0,slitA006_SDSSJ112725.13+423306.7t100798.fits,,0.6328,0.632,,171.854709,42.551888,1442,22.491840362548828,13818,SDSSJ112725.13+423306.7,A
7.0,slitA007_SDSSJ112729.87+423156.0t100799.fits,re-try,0.488?,?,0.346?,171.874477,42.53224,1389,23.261669158935547,13752,SDSSJ112729.87+423156.0,A
8.0,slitA008_SDSSJ112722.99+423310.7t100800.fits,re-try,0.473?,?,,171.845802,42.552978,1407,22.86240005493164,13774,SDSSJ112722.99+423310.7,A
9.0,slitA009_SDSSJ112731.60+423114.2t100801.fits,,?,?,,171.881676,42.520636,1472,21.2393798828125,13853,SDSSJ112731.60+423114.2,A
10.0,slitA010_SDSSJ112741.23+422856.4t100802.fits,,0.355?,?,,171.921823,42.48236,1578,22.494020462036133,14025,SDSSJ112741.23+422856.4,A
11.0,slitA011_SDSSJ112739.32+422909.9t100803.fits,,?,?,,171.913857,42.486109,1499,23.28537940979004,13888,SDSSJ112739.32+422909.9,A
15.0,slitA015_SDSSJ112714.58+423328.6t100807.fits,,0.367,0.367,0.368,171.913857,42.486109,1499,23.28537940979004,13888,SDSSJ112739.32+422909.9,A
12.0,slitA012_SDSSJ112733.25+423014.1t100804.fits,,?,?,,171.888556,42.503943,1557,22.90777015686035,13992,SDSSJ112733.25+423014.1,A
14.0,slitA014_SDSSJ112717.17+423307.5t100806.fits,,0.61,0.611,,171.888556,42.503943,1557,22.90777015686035,13992,SDSSJ112733.25+423014.1,A
16.0,slitA016_SDSSJ112738.49+422819.6t100808.fits,re-try,0.4?,?,,171.888556,42.503943,1557,22.90777015686035,13992,SDSSJ112733.25+423014.1,A
13.0,slitA013_SDSSJ112739.18+422849.0t100805.fits,,0.354?,?,,171.913286,42.480294,1493,22.723289489746097,13881,SDSSJ112739.18+422849.0,A
17.0,slitA017_109057t100809.fits,,?,?,,171.913286,42.480294,1493,22.723289489746097,13881,SDSSJ112739.18+422849.0,A
18.0,slitA018_SDSSJ112715.04+423243.0t100810.fits,,0.386,0.3852,0.3857,171.82157,42.5521,1324,22.193260192871097,13653,SDSSJ112717.17+423307.5,A
19.0,slitA019_SDSSJ112720.85+423120.7t100811.fits,,?,?,,171.810762,42.557947,1297,20.217369079589844,13623,SDSSJ112714.58+423328.6,A
20.0,slitA020_SDSSJ112715.03+423220.4t100812.fits,,0.5397,0.5395,,171.910375,42.472138,1575,21.80207061767578,14020,SDSSJ112738.49+422819.6,A
21.0,slitA021_113019t100813.fits,,?,?,,171.833798,42.531462,138,19.150999069213867,138,109057,A
22.0,slitA022_SDSSJ112720.50+423048.5t100814.fits,,0.5077,0.508,0.5078,171.81269,42.545279,1360,22.316370010375977,13707,SDSSJ112715.04+423243.0,A
23.0,slitA023_SDSSJ112720.22+423041.1t100815.fits,,0.2925,0.293,,171.834265,42.511423,1326,22.24159049987793,13655,SDSSJ112720.22+423041.1,A
24.0,slitA024_117738t100816.fits,,0.3163,0.316,,171.872757,42.476774,126,20.641000747680664,126,117738,A
25.0,slitA025_SDSSJ112733.38+422736.5t100817.fits,,0.5444,0.5435,,171.889098,42.460154,1463,22.03805923461914,13842,SDSSJ112733.38+422736.5,A
26.0,slitA026_SDSSJ112721.88+422947.5t100818.fits,,0.3473,0.3475,,171.84119,42.496532,1334,22.096500396728516,13663,SDSSJ112721.88+422947.5,A
27.0,slitA027_111497t100819.fits,,?,?,,171.812306,42.516637,122,18.097999572753903,122,111497,A
28.0,slitA028_151.0t100820.fits,,0.3493,0.3485,,171.832542,42.495339,119,20.69926643371582,119,151.0,A
29.0,slitA029_155.0t100821.fits,,0.5437,0.543,,171.825954,42.497805,121,21.590784072875977,121,155.0,A
30.0,slitA030_SDSSJ112717.77+422942.9t100822.fits,,0.3725,0.3715,,171.824065,42.495253,1298,22.8028507232666,13624,SDSSJ112717.77+422942.9,A
31.0,slitA031_140.0t100823.fits,,,,,171.832362,42.485384,110,22.03372573852539,110,140.0,A
32.0,slitA032_149.0t100824.fits,,0.6226,0.6225,,171.819172,42.493214,117,20.817142486572266,117,149.0,A
33.0,slitA033_47.0t100825.fits,,,,,171.851315,42.463106,60,22.210756301879883,60,47.0,A
34.0,slitA034_r10t100826.fits,,0.5523,0.352,,171.825223,42.48053,24,21.205127716064453,24,r10,A
35.0,slitA035_133.0t100827.fits,,0.6196,0.619,,171.818102,42.482599,104,20.72420310974121,104,133.0,A
36.0,slitA036_r3t100828.fits,,0.3848,0.388,0.339,171.818493,42.479138,16,20.02153778076172,16,r3,A
37.0,slitA037_a111t100829.fits,,?,?,,171.815782,42.478105,1,20.464038848876953,1,a111,A
38.0,slitA038_tslrt100830.fits,,?,?,,171.815074,42.475128,2,23.214948654174805,2,tslr,A
39.0,slitA039_tsrrt100831.fits,,0.3488,0.348,,171.808669,42.47512,4,24.567934036254883,4,tsrr,A
40.0,slitA040_r9t100832.fits,,?,?,,171.810456,42.468612,23,22.333683013916016,23,r9,A
41.0,slitA041_r12t100833.fits,,?,?,,171.80018,42.472843,26,19.19183921813965,26,r12,A
42.0,slitA042_r13t100834.fits,,0.3433,0.343,,171.80315,42.467589,27,19.588022232055664,27,r13,A
43.0,slitA043_87.0t100835.fits,,0.3483,0.348,,171.794292,42.471893,81,19.40791702270508,81,87.0,A
44.0,slitA044_30.0t100836.fits,re-try,0.3442?,0.344,0.344?,171.805645,42.459566,44,21.92347717285156,44,30.0,A
45.0,slitA045_33.0t100837.fits,,0.3521,0.352,,171.799671,42.460909,47,21.06100082397461,47,33.0,A
46.0,slitA046_54.0t100838.fits,,?,?,,171.791196,42.464928,65,23.086708068847656,65,54.0,A
47.0,slitA047_81.0t100839.fits,,0.3478,0.348,,171.780776,42.470464,77,20.750194549560547,77,81.0,A
48.0,slitA048_1.0t100840.fits,,0.4093,0.409,0.41,171.80715,42.445832,29,19.80826759338379,29,1.0,A
49.0,slitA049_29.0t100841.fits,,?,?,,171.785346,42.459451,43,22.321908950805664,43,29.0,A
50.0,slitA050_r203t100842.fits,do hw,0.4474,0.4475,,171.765963,42.471183,8,20.266929626464844,8,r203,A
51.0,slitA051_r202t100843.fits,,0.3441,0.344,,171.762619,42.469892,7,20.26719093322754,7,r202,A
52.0,slitA052_r206t100844.fits,,0.4469,0.4465,,171.75898,42.468459,11,20.054931640625,11,r206,A
53.0,slitA053_123.0t100845.fits,,?,?,,171.741853,42.479273,99,22.686527252197266,99,123.0,A
54.0,slitA054_20.0t100846.fits,re-try,0.4954?,?,,171.766213,42.456326,36,21.678531646728516,36,20.0,A
55.0,slitA055_109.0t100847.fits,,0.4125,0.411,,171.736841,42.477223,94,20.914196014404297,94,109.0,A
56.0,slitA056_28.0t100848.fits,re-try,0.7219?,0.723,,171.753684,42.459667,42,21.895809173583984,42,28.0,A
57.0,slitA057_9.0t100849.fits,,?,?,,171.757558,42.452935,31,22.8740234375,31,9.0,A
58.0,slitA058_SDSSJ112701.09+422708.7t100850.fits,,0.4098,0.412,,171.754573,42.452419,280,22.451919555664062,334,SDSSJ112701.09+422708.7,A
58.0,slitA058_SDSSJ112701.09+422708.7t100850.fits,,0.4098,0.412,,171.754573,42.452419,838,22.451919555664062,10339,SDSSJ112701.09+422708.7,A
59.0,slitA059_SDSSJ112701.09+422708.7t100851.fits,,0.41,0.41,,171.754573,42.452419,280,22.451919555664062,334,SDSSJ112701.09+422708.7,A
59.0,slitA059_SDSSJ112701.09+422708.7t100851.fits,,0.41,0.41,,171.754573,42.452419,838,22.451919555664062,10339,SDSSJ112701.09+422708.7,A
60.0,slitA060_23.0t100852.fits,re-try,0.6203,0.62,?,171.742324,42.456652,38,21.862218856811523,38,23.0,A
61.0,slitA061_SDSSJ112708.84+422500.8t100853.fits,re-try,0.5437?,?,?,171.786834,42.416916,607,22.733680725097656,1087,SDSSJ112708.84+422500.8,A
61.0,slitA061_SDSSJ112708.84+422500.8t100853.fits,re-try,0.5437?,?,?,171.786834,42.416916,1165,22.733680725097656,11101,SDSSJ112708.84+422500.8,A
62.0,slitA062_SDSSJ112708.84+422500.8t100854.fits,re-try,0.5437?,?,?,171.786834,42.416916,607,22.733680725097656,1087,SDSSJ112708.84+422500.8,A
62.0,slitA062_SDSSJ112708.84+422500.8t100854.fits,re-try,0.5437?,?,?,171.786834,42.416916,1165,22.733680725097656,11101,SDSSJ112708.84+422500.8,A
63.0,slitA063_SDSSJ112700.51+422632.1t100855.fits,re-try,0.3471,0.347,?,171.75216,42.442259,277,20.9773006439209,331,SDSSJ112700.51+422632.1,A
63.0,slitA063_SDSSJ112700.51+422632.1t100855.fits,re-try,0.3471,0.347,?,171.75216,42.442259,835,20.9773006439209,10336,SDSSJ112700.51+422632.1,A
64.0,slitA064_SDSSJ112700.51+422632.1t100856.fits,re-try,0.3471,0.347,?,171.75216,42.442259,277,20.9773006439209,331,SDSSJ112700.51+422632.1,A
64.0,slitA064_SDSSJ112700.51+422632.1t100856.fits,re-try,0.3471,0.347,?,171.75216,42.442259,835,20.9773006439209,10336,SDSSJ112700.51+422632.1,A
65.0,slitA065_SDSSJ112706.07+422513.6t100857.fits,,0.4405,0.44,,171.77531,42.420446,513,21.98921012878418,980,SDSSJ112706.07+422513.6,A
65.0,slitA065_SDSSJ112706.07+422513.6t100857.fits,,0.4405,0.44,,171.77531,42.420446,1071,21.98921012878418,10994,SDSSJ112706.07+422513.6,A
66.0,slitA066_SDSSJ112706.07+422513.6t100858.fits,re-try,0.4405,0.44,,171.77531,42.420446,513,21.98921012878418,980,SDSSJ112706.07+422513.6,A
66.0,slitA066_SDSSJ112706.07+422513.6t100858.fits,re-try,0.4405,0.44,,171.77531,42.420446,1071,21.98921012878418,10994,SDSSJ112706.07+422513.6,A
67.0,slitA067_SDSSJ112648.84+422833.0t100859.fits,,0.4712,0.4715,,171.703536,42.475852,143,20.41972923278809,150,SDSSJ112648.84+422833.0,A
67.0,slitA067_SDSSJ112648.84+422833.0t100859.fits,,0.4712,0.4715,,171.703536,42.475852,697,20.41972923278809,10150,SDSSJ112648.84+422833.0,A
68.0,slitA068_SDSSJ112648.84+422833.0t100860.fits,similar to before,0.4712,0.4715,,171.703536,42.475852,143,20.41972923278809,150,SDSSJ112648.84+422833.0,A
68.0,slitA068_SDSSJ112648.84+422833.0t100860.fits,similar to before,0.4712,0.4715,,171.703536,42.475852,697,20.41972923278809,10150,SDSSJ112648.84+422833.0,A
69.0,slitA069_SDSSJ112714.56+422306.4t100861.fits,,0.3739,0.373,,171.810686,42.385134,547,20.0672607421875,1014,SDSSJ112714.56+422306.4,A
69.0,slitA069_SDSSJ112714.56+422306.4t100861.fits,,0.3739,0.373,,171.810686,42.385134,1105,20.0672607421875,11028,SDSSJ112714.56+422306.4,A
70.0,slitA070_SDSSJ112714.56+422306.4t100862.fits,similar to before,0.3739,0.3732,,171.810686,42.385134,547,20.0672607421875,1014,SDSSJ112714.56+422306.4,A
70.0,slitA070_SDSSJ112714.56+422306.4t100862.fits,similar to before,0.3739,0.3732,,171.810686,42.385134,1105,20.0672607421875,11028,SDSSJ112714.56+422306.4,A
71.0,slitA071_SDSSJ112704.42+422500.0t100863.fits,,0.342,0.3425,,171.768425,42.41669,507,22.271570205688477,974,SDSSJ112704.42+422500.0,A
71.0,slitA071_SDSSJ112704.42+422500.0t100863.fits,,0.342,0.3425,,171.768425,42.41669,1065,22.271570205688477,10988,SDSSJ112704.42+422500.0,A
72.0,slitA072_SDSSJ112704.42+422500.0t100864.fits,similar to before,0.342,0.3425,,171.768425,42.41669,507,22.271570205688477,974,SDSSJ112704.42+422500.0,A
72.0,slitA072_SDSSJ112704.42+422500.0t100864.fits,similar to before,0.342,0.3425,,171.768425,42.41669,1065,22.271570205688477,10988,SDSSJ112704.42+422500.0,A
73.0,slitA073_SDSSJ112706.63+422422.3t100865.fits,,0.4104,0.4105,,171.777661,42.406222,450,21.460960388183594,913,SDSSJ112706.63+422422.3,A
73.0,slitA073_SDSSJ112706.63+422422.3t100865.fits,,0.4104,0.4105,,171.777661,42.406222,1008,21.460960388183594,10927,SDSSJ112706.63+422422.3,A
74.0,slitA074_SDSSJ112706.63+422422.3t100866.fits,similar to before,0.4104,0.4105,,171.777661,42.406222,450,21.460960388183594,913,SDSSJ112706.63+422422.3,A
74.0,slitA074_SDSSJ112706.63+422422.3t100866.fits,similar to before,0.4104,0.4105,,171.777661,42.406222,1008,21.460960388183594,10927,SDSSJ112706.63+422422.3,A
75.0,slitA075_SDSSJ112651.19+422720.3t100867.fits,re-try,0.3889,0.325,,171.713313,42.455652,236,18.55219078063965,290,SDSSJ112651.19+422720.3,A
75.0,slitA075_SDSSJ112651.19+422720.3t100867.fits,re-try,0.3889,0.325,,171.713313,42.455652,794,18.55219078063965,10295,SDSSJ112651.19+422720.3,A
76.0,slitA076_SDSSJ112651.19+422720.3t100868.fits,similar to before,0.3889,0.335,,171.713313,42.455652,236,18.55219078063965,290,SDSSJ112651.19+422720.3,A
76.0,slitA076_SDSSJ112651.19+422720.3t100868.fits,similar to before,0.3889,0.335,,171.713313,42.455652,794,18.55219078063965,10295,SDSSJ112651.19+422720.3,A
77.0,slitA077_SDSSJ112645.72+422815.6t100869.fits,,0.1206,0.121,,171.690539,42.471015,698,17.497970581054688,10152,SDSSJ112645.72+422815.6,A
78.0,slitA078_SDSSJ112647.64+422741.8t100870.fits,,0.2753,0.275,,171.698524,42.461638,245,20.231529235839844,299,SDSSJ112647.64+422741.8,A
78.0,slitA078_SDSSJ112647.64+422741.8t100870.fits,,0.2753,0.275,,171.698524,42.461638,803,20.231529235839844,10304,SDSSJ112647.64+422741.8,A
79.0,slitA079_SDSSJ112647.64+422741.8t100871.fits,similar to before,0.2753,0.274,,171.698524,42.461638,245,20.231529235839844,299,SDSSJ112647.64+422741.8,A
79.0,slitA079_SDSSJ112647.64+422741.8t100871.fits,similar to before,0.2753,0.274,,171.698524,42.461638,803,20.231529235839844,10304,SDSSJ112647.64+422741.8,A
80.0,slitA080_SDSSJ112702.02+422433.7t100872.fits,,?,?,,171.758418,42.409386,499,21.556840896606445,966,SDSSJ112702.02+422433.7,A
80.0,slitA080_SDSSJ112702.02+422433.7t100872.fits,,?,?,,171.758418,42.409386,1057,21.556840896606445,10980,SDSSJ112702.02+422433.7,A
81.0,slitA081_SDSSJ112702.02+422433.7t100873.fits,,?,?,,171.758418,42.409386,499,21.556840896606445,966,SDSSJ112702.02+422433.7,A
81.0,slitA081_SDSSJ112702.02+422433.7t100873.fits,,?,?,,171.758418,42.409386,1057,21.556840896606445,10980,SDSSJ112702.02+422433.7,A
82.0,slitA082_SDSSJ112704.00+422355.4t100874.fits,,?,?,,171.766675,42.398738,458,24.939929962158203,921,SDSSJ112704.00+422355.4,A
82.0,slitA082_SDSSJ112704.00+422355.4t100874.fits,,?,?,,171.766675,42.398738,1016,24.939929962158203,10935,SDSSJ112704.00+422355.4,A
83.0,slitA083_SDSSJ112704.00+422355.4t100875.fits,re-try,0.371?,?,,171.766675,42.398738,458,24.939929962158203,921,SDSSJ112704.00+422355.4,A
83.0,slitA083_SDSSJ112704.00+422355.4t100875.fits,re-try,0.371?,?,,171.766675,42.398738,1016,24.939929962158203,10935,SDSSJ112704.00+422355.4,A
84.0,slitA084_SDSSJ112659.22+422443.0t100876.fits,re-try,0.707?,?,,171.746757,42.411949,492,21.940330505371097,959,SDSSJ112659.22+422443.0,A
84.0,slitA084_SDSSJ112659.22+422443.0t100876.fits,re-try,0.707?,?,,171.746757,42.411949,1050,21.940330505371097,10973,SDSSJ112659.22+422443.0,A
85.0,slitA085_SDSSJ112659.22+422443.0t100877.fits,similar to before,0.707?,?,,171.746757,42.411949,492,21.940330505371097,959,SDSSJ112659.22+422443.0,A
85.0,slitA085_SDSSJ112659.22+422443.0t100877.fits,similar to before,0.707?,?,,171.746757,42.411949,1050,21.940330505371097,10973,SDSSJ112659.22+422443.0,A
86.0,slitA086_SDSSJ112653.52+422540.8t100878.fits,,0.762,?,,171.723006,42.428012,205,22.58917999267578,231,SDSSJ112653.52+422540.8,A
86.0,slitA086_SDSSJ112653.52+422540.8t100878.fits,,0.762,?,,171.723006,42.428012,762,22.58917999267578,10234,SDSSJ112653.52+422540.8,A
87.0,slitA087_SDSSJ112653.52+422540.8t100879.fits,,0.762,?,,171.723006,42.428012,205,22.58917999267578,231,SDSSJ112653.52+422540.8,A
87.0,slitA087_SDSSJ112653.52+422540.8t100879.fits,,0.762,?,,171.723006,42.428012,762,22.58917999267578,10234,SDSSJ112653.52+422540.8,A
88.0,slitA088_SDSSJ112654.60+422513.3t100880.fits,,?,?,,171.727538,42.420364,167,21.436140060424805,192,SDSSJ112654.60+422513.3,A
88.0,slitA088_SDSSJ112654.60+422513.3t100880.fits,,?,?,,171.727538,42.420364,722,21.436140060424805,10193,SDSSJ112654.60+422513.3,A
89.0,slitA089_SDSSJ112654.60+422513.3t100881.fits,,?,?,,171.727538,42.420364,167,21.436140060424805,192,SDSSJ112654.60+422513.3,A
89.0,slitA089_SDSSJ112654.60+422513.3t100881.fits,,?,?,,171.727538,42.420364,722,21.436140060424805,10193,SDSSJ112654.60+422513.3,A
90.0,slitA090_SDSSJ112654.80+422500.7t100882.fits,,?,?,,171.728334,42.416874,161,23.331270217895508,184,SDSSJ112654.80+422500.7,A
90.0,slitA090_SDSSJ112654.80+422500.7t100882.fits,,?,?,,171.728334,42.416874,716,23.331270217895508,10185,SDSSJ112654.80+422500.7,A
91.0,slitA091_SDSSJ112654.80+422500.7t100883.fits,,?,?,,171.728334,42.416874,161,23.331270217895508,184,SDSSJ112654.80+422500.7,A
91.0,slitA091_SDSSJ112654.80+422500.7t100883.fits,,?,?,,171.728334,42.416874,716,23.331270217895508,10185,SDSSJ112654.80+422500.7,A
92.0,slitA092_SDSSJ112701.57+422326.4t100884.fits,,0.406? / 0.3464,0.347,,171.756543,42.390675,494,20.464799880981445,961,SDSSJ112701.57+422326.4,A
92.0,slitA092_SDSSJ112701.57+422326.4t100884.fits,,0.406? / 0.3464,0.347,,171.756543,42.390675,1052,20.464799880981445,10975,SDSSJ112701.57+422326.4,A
93.0,slitA093_SDSSJ112701.57+422326.4t100885.fits,similar to before,0.406? / 0.3464,0.346,,171.756543,42.390675,494,20.464799880981445,961,SDSSJ112701.57+422326.4,A
93.0,slitA093_SDSSJ112701.57+422326.4t100885.fits,similar to before,0.406? / 0.3464,0.346,,171.756543,42.390675,1052,20.464799880981445,10975,SDSSJ112701.57+422326.4,A
94.0,slitA094_SDSSJ112646.07+422622.8t100886.fits,,?,?,,171.691981,42.439677,195,20.92061996459961,221,SDSSJ112646.07+422622.8,A
94.0,slitA094_SDSSJ112646.07+422622.8t100886.fits,,?,?,,171.691981,42.439677,752,20.92061996459961,10224,SDSSJ112646.07+422622.8,A
95.0,slitA095_SDSSJ112646.07+422622.8t100887.fits,,?,?,,171.691981,42.439677,195,20.92061996459961,221,SDSSJ112646.07+422622.8,A
95.0,slitA095_SDSSJ112646.07+422622.8t100887.fits,,?,?,,171.691981,42.439677,752,20.92061996459961,10224,SDSSJ112646.07+422622.8,A
96.0,slitA096_SDSSJ112647.99+422547.7t100888.fits,,?,?,,171.699998,42.429921,200,19.605239868164062,226,SDSSJ112647.99+422547.7,A
96.0,slitA096_SDSSJ112647.99+422547.7t100888.fits,,?,?,,171.699998,42.429921,757,19.605239868164062,10229,SDSSJ112647.99+422547.7,A
97.0,slitA097_SDSSJ112647.99+422547.7t100889.fits,,?,?,,171.699998,42.429921,200,19.605239868164062,226,SDSSJ112647.99+422547.7,A
97.0,slitA097_SDSSJ112647.99+422547.7t100889.fits,,?,?,,171.699998,42.429921,757,19.605239868164062,10229,SDSSJ112647.99+422547.7,A
98.0,slitA098_SDSSJ112705.66+422157.1t100890.fits,,0.2516,0.251,,171.773611,42.365866,443,19.30876922607422,767,SDSSJ112705.66+422157.1,A
98.0,slitA098_SDSSJ112705.66+422157.1t100890.fits,,0.2516,0.251,,171.773611,42.365866,1001,19.30876922607422,10636,SDSSJ112705.66+422157.1,A
99.0,slitA099_SDSSJ112705.66+422157.1t100891.fits,similar to before,0.2516,0.251,,171.773611,42.365866,443,19.30876922607422,767,SDSSJ112705.66+422157.1,A
99.0,slitA099_SDSSJ112705.66+422157.1t100891.fits,similar to before,0.2516,0.251,,171.773611,42.365866,1001,19.30876922607422,10636,SDSSJ112705.66+422157.1,A
100.0,slitA100_SDSSJ112706.15+422138.7t100892.fits,,0.1889,0.188,,171.775663,42.36077,446,21.69985008239746,779,SDSSJ112706.15+422138.7,A
100.0,slitA100_SDSSJ112706.15+422138.7t100892.fits,,0.1889,0.188,,171.775663,42.36077,1004,21.69985008239746,10648,SDSSJ112706.15+422138.7,A
101.0,slitA101_SDSSJ112706.15+422138.7t100893.fits,similar to before?,0.1889,0.188,,171.775663,42.36077,446,21.69985008239746,779,SDSSJ112706.15+422138.7,A
101.0,slitA101_SDSSJ112706.15+422138.7t100893.fits,similar to before?,0.1889,0.188,,171.775663,42.36077,1004,21.69985008239746,10648,SDSSJ112706.15+422138.7,A
102.0,slitA102_SDSSJ112647.25+422516.3t100894.fits,re-try,0.508?,?,,171.696906,42.421222,196,22.519920349121097,222,SDSSJ112647.25+422516.3,A
102.0,slitA102_SDSSJ112647.25+422516.3t100894.fits,re-try,0.508?,?,,171.696906,42.421222,753,22.519920349121097,10225,SDSSJ112647.25+422516.3,A
103.0,slitA103_SDSSJ112647.25+422516.3t100895.fits,re-try (similar to before),0.508?,?,,171.696906,42.421222,196,22.519920349121097,222,SDSSJ112647.25+422516.3,A
103.0,slitA103_SDSSJ112647.25+422516.3t100895.fits,re-try (similar to before),0.508?,?,,171.696906,42.421222,753,22.519920349121097,10225,SDSSJ112647.25+422516.3,A
104.0,slitA104_SDSSJ112648.23+422453.4t100896.fits,,?,?,,171.70099,42.414856,148,18.35055923461914,167,SDSSJ112648.23+422453.4,A
104.0,slitA104_SDSSJ112648.23+422453.4t100896.fits,,?,?,,171.70099,42.414856,703,18.35055923461914,10168,SDSSJ112648.23+422453.4,A
105.0,slitA105_SDSSJ112648.23+422453.4t100897.fits,,?,?,,171.70099,42.414856,148,18.35055923461914,167,SDSSJ112648.23+422453.4,A
105.0,slitA105_SDSSJ112648.23+422453.4t100897.fits,,?,?,,171.70099,42.414856,703,18.35055923461914,10168,SDSSJ112648.23+422453.4,A
106.0,slitA106_SDSSJ112651.36+422401.3t100898.fits,,0.545,0.545,,171.714039,42.400379,569,21.565269470214844,1045,SDSSJ112651.36+422401.3,A
106.0,slitA106_SDSSJ112651.36+422401.3t100898.fits,,0.545,0.545,,171.714039,42.400379,1127,21.565269470214844,11059,SDSSJ112651.36+422401.3,A
107.0,slitA107_SDSSJ112651.36+422401.3t100899.fits,similar to before,0.544,0.544,,171.714039,42.400379,569,21.565269470214844,1045,SDSSJ112651.36+422401.3,A
107.0,slitA107_SDSSJ112651.36+422401.3t100899.fits,similar to before,0.544,0.544,,171.714039,42.400379,1127,21.565269470214844,11059,SDSSJ112651.36+422401.3,A
108.0,slitA108_SDSSJ112658.70+422216.8t100900.fits,,?,?,,171.744607,42.371345,486,22.98944091796875,953,SDSSJ112658.70+422216.8,A
108.0,slitA108_SDSSJ112658.70+422216.8t100900.fits,,?,?,,171.744607,42.371345,1044,22.98944091796875,10967,SDSSJ112658.70+422216.8,A
109.0,slitA109_SDSSJ112658.70+422216.8t100901.fits,,?,?,,171.744607,42.371345,486,22.98944091796875,953,SDSSJ112658.70+422216.8,A
109.0,slitA109_SDSSJ112658.70+422216.8t100901.fits,,?,?,,171.744607,42.371345,1044,22.98944091796875,10967,SDSSJ112658.70+422216.8,A
110.0,slitA110_SDSSJ112656.81+422229.4t100902.fits,,0.8144,0.815,,171.736743,42.374852,572,21.776599884033203,1048,SDSSJ112656.81+422229.4,A
110.0,slitA110_SDSSJ112656.81+422229.4t100902.fits,,0.8144,0.815,,171.736743,42.374852,1130,21.776599884033203,11062,SDSSJ112656.81+422229.4,A
111.0,slitA111_SDSSJ112656.81+422229.4t100903.fits,similar to before,0.815,0.815,,171.736743,42.374852,572,21.776599884033203,1048,SDSSJ112656.81+422229.4,A
111.0,slitA111_SDSSJ112656.81+422229.4t100903.fits,similar to before,0.815,0.815,,171.736743,42.374852,1130,21.776599884033203,11062,SDSSJ112656.81+422229.4,A
112.0,slitA112_SDSSJ112650.05+422340.6t100904.fits,,0.3482,0.348,,171.708558,42.39463,479,21.36552047729492,946,SDSSJ112650.05+422340.6,A
112.0,slitA112_SDSSJ112650.05+422340.6t100904.fits,,0.3482,0.348,,171.708558,42.39463,1037,21.36552047729492,10960,SDSSJ112650.05+422340.6,A
113.0,slitA113_SDSSJ112650.05+422340.6t100905.fits,similar to before,0.348,0.348,,171.708558,42.39463,479,21.36552047729492,946,SDSSJ112650.05+422340.6,A
113.0,slitA113_SDSSJ112650.05+422340.6t100905.fits,similar to before,0.348,0.348,,171.708558,42.39463,1037,21.36552047729492,10960,SDSSJ112650.05+422340.6,A
114.0,slitA114_SDSSJ112653.94+422241.9t100906.fits,,0.2929,0.292,,171.724755,42.378309,481,20.739089965820312,948,SDSSJ112653.94+422241.9,A
114.0,slitA114_SDSSJ112653.94+422241.9t100906.fits,,0.2929,0.292,,171.724755,42.378309,1039,20.739089965820312,10962,SDSSJ112653.94+422241.9,A
115.0,slitA115_SDSSJ112653.94+422241.9t100907.fits,similar to before,0.2929,0.292,,171.724755,42.378309,481,20.739089965820312,948,SDSSJ112653.94+422241.9,A
115.0,slitA115_SDSSJ112653.94+422241.9t100907.fits,similar to before,0.2929,0.292,,171.724755,42.378309,1039,20.739089965820312,10962,SDSSJ112653.94+422241.9,A
116.0,slitA116_SDSSJ112656.37+422159.1t100908.fits,,?,?,,171.734886,42.366442,333,20.793190002441406,395,SDSSJ112656.37+422159.1,A
116.0,slitA116_SDSSJ112656.37+422159.1t100908.fits,,?,?,,171.734886,42.366442,891,20.793190002441406,10400,SDSSJ112656.37+422159.1,A
117.0,slitA117_SDSSJ112656.37+422159.1t100909.fits,,?,?,,171.734886,42.366442,333,20.793190002441406,395,SDSSJ112656.37+422159.1,A
117.0,slitA117_SDSSJ112656.37+422159.1t100909.fits,,?,?,,171.734886,42.366442,891,20.793190002441406,10400,SDSSJ112656.37+422159.1,A
118.0,slitA118_SDSSJ112647.11+422342.4t100910.fits,re-try,0.6595,?,,171.696319,42.395133,596,23.26660919189453,1076,SDSSJ112647.11+422342.4,A
118.0,slitA118_SDSSJ112647.11+422342.4t100910.fits,re-try,0.6595,?,,171.696319,42.395133,1154,23.26660919189453,11090,SDSSJ112647.11+422342.4,A
119.0,slitA119_SDSSJ112647.11+422342.4t100911.fits,similar to before,0.6595,?,,171.696319,42.395133,596,23.26660919189453,1076,SDSSJ112647.11+422342.4,A
119.0,slitA119_SDSSJ112647.11+422342.4t100911.fits,similar to before,0.6595,?,,171.696319,42.395133,1154,23.26660919189453,11090,SDSSJ112647.11+422342.4,A
120.0,slitA120_SDSSJ112700.01+422053.7t100912.fits,,?,0.312,,171.750055,42.348255,367,22.16935920715332,484,SDSSJ112700.01+422053.7,A
120.0,slitA120_SDSSJ112700.01+422053.7t100912.fits,,?,0.312,,171.750055,42.348255,925,22.16935920715332,10489,SDSSJ112700.01+422053.7,A
121.0,slitA121_SDSSJ112700.01+422053.7t100913.fits,?,0.297?,0.312?,,171.750055,42.348255,367,22.16935920715332,484,SDSSJ112700.01+422053.7,A
121.0,slitA121_SDSSJ112700.01+422053.7t100913.fits,?,0.297?,0.312?,,171.750055,42.348255,925,22.16935920715332,10489,SDSSJ112700.01+422053.7,A
122.0,slitA122_SDSSJ112657.92+422100.3t100914.fits,,?,?,,171.741349,42.350091,364,22.069189071655273,478,SDSSJ112657.92+422100.3,A
122.0,slitA122_SDSSJ112657.92+422100.3t100914.fits,,?,?,,171.741349,42.350091,922,22.069189071655273,10483,SDSSJ112657.92+422100.3,A
123.0,slitA123_SDSSJ112657.92+422100.3t100915.fits,,?,?,,171.741349,42.350091,364,22.069189071655273,478,SDSSJ112657.92+422100.3,A
123.0,slitA123_SDSSJ112657.92+422100.3t100915.fits,,?,?,,171.741349,42.350091,922,22.069189071655273,10483,SDSSJ112657.92+422100.3,A
124.0,slitA124_SDSSJ112651.81+422202.5t100916.fits,show,0.573?,?,,171.715884,42.367363,425,23.11794090270996,587,SDSSJ112651.81+422202.5,A
124.0,slitA124_SDSSJ112651.81+422202.5t100916.fits,show,0.573?,?,,171.715884,42.367363,983,23.11794090270996,10592,SDSSJ112651.81+422202.5,A
125.0,slitA125_SDSSJ112651.81+422202.5t100917.fits,similar to before,0.573?,0.573?,,171.715884,42.367363,425,23.11794090270996,587,SDSSJ112651.81+422202.5,A
125.0,slitA125_SDSSJ112651.81+422202.5t100917.fits,similar to before,0.573?,0.573?,,171.715884,42.367363,983,23.11794090270996,10592,SDSSJ112651.81+422202.5,A
126.0,slitA126_SDSSJ112652.55+422140.9t100918.fits,show,0.411,0.41,,171.718997,42.361362,359,21.16468048095703,472,SDSSJ112652.55+422140.9,A
126.0,slitA126_SDSSJ112652.55+422140.9t100918.fits,show,0.411,0.41,,171.718997,42.361362,917,21.16468048095703,10477,SDSSJ112652.55+422140.9,A
127.0,slitA127_SDSSJ112652.55+422140.9t100919.fits,similar to before,0.411,0.41,,171.718997,42.361362,359,21.16468048095703,472,SDSSJ112652.55+422140.9,A
127.0,slitA127_SDSSJ112652.55+422140.9t100919.fits,similar to before,0.411,0.41,,171.718997,42.361362,917,21.16468048095703,10477,SDSSJ112652.55+422140.9,A
128.0,slitA128_SDSSJ112645.60+422255.1t100920.fits,,?,?,,171.690016,42.381976,413,22.395769119262695,574,SDSSJ112645.60+422255.1,A
128.0,slitA128_SDSSJ112645.60+422255.1t100920.fits,,?,?,,171.690016,42.381976,971,22.395769119262695,10579,SDSSJ112645.60+422255.1,A
129.0,slitA129_SDSSJ112645.60+422255.1t100921.fits,,?,?,,171.690016,42.381976,413,22.395769119262695,574,SDSSJ112645.60+422255.1,A
129.0,slitA129_SDSSJ112645.60+422255.1t100921.fits,,?,?,,171.690016,42.381976,971,22.395769119262695,10579,SDSSJ112645.60+422255.1,A
130.0,slitA130_SDSSJ112652.59+422118.9t100922.fits,,?,?,,171.719163,42.355261,370,22.662179946899418,505,SDSSJ112652.59+422118.9,A
130.0,slitA130_SDSSJ112652.59+422118.9t100922.fits,,?,?,,171.719163,42.355261,928,22.662179946899418,10510,SDSSJ112652.59+422118.9,A
131.0,slitA131_SDSSJ112652.59+422118.9t100923.fits,,?,?,,171.719163,42.355261,370,22.662179946899418,505,SDSSJ112652.59+422118.9,A
131.0,slitA131_SDSSJ112652.59+422118.9t100923.fits,,?,?,,171.719163,42.355261,928,22.662179946899418,10510,SDSSJ112652.59+422118.9,A
132.0,slitA132_SDSSJ112639.88+422344.3t100924.fits,show,0.1997,0.1995,,171.666172,42.395642,688,21.96895980834961,3205,SDSSJ112639.88+422344.3,A
133.0,slitA133_SDSSJ112643.49+422247.8t100925.fits,,?,?,,171.681227,42.379956,685,19.96697998046875,3202,SDSSJ112643.49+422247.8,A
134.0,slitA134_SDSSJ112636.19+422407.2t100926.fits,,?,?,,171.650815,42.402004,679,22.649229049682617,3180,SDSSJ112636.19+422407.2,A
135.0,slitA135_SDSSJ112648.88+422118.5t100927.fits,show,0.4121,0.412,,171.703707,42.355149,337,20.66752052307129,405,SDSSJ112648.88+422118.5,A
135.0,slitA135_SDSSJ112648.88+422118.5t100927.fits,show,0.4121,0.412,,171.703707,42.355149,895,20.66752052307129,10410,SDSSJ112648.88+422118.5,A
136.0,slitA136_SDSSJ112648.88+422118.5t100928.fits,similar to before,0.4121,0.412,,171.703707,42.355149,337,20.66752052307129,405,SDSSJ112648.88+422118.5,A
136.0,slitA136_SDSSJ112648.88+422118.5t100928.fits,similar to before,0.4121,0.412,,171.703707,42.355149,895,20.66752052307129,10410,SDSSJ112648.88+422118.5,A
137.0,slitA137_SDSSJ112647.94+422116.2t100929.fits,show,0.409,0.409,,171.699773,42.354526,354,21.221439361572266,460,SDSSJ112647.94+422116.2,A
137.0,slitA137_SDSSJ112647.94+422116.2t100929.fits,show,0.409,0.409,,171.699773,42.354526,912,21.221439361572266,10465,SDSSJ112647.94+422116.2,A
138.0,slitA138_SDSSJ112647.94+422116.2t100930.fits,similar to before,0.4096,0.409,,171.699773,42.354526,354,21.221439361572266,460,SDSSJ112647.94+422116.2,A
138.0,slitA138_SDSSJ112647.94+422116.2t100930.fits,similar to before,0.4096,0.409,,171.699773,42.354526,912,21.221439361572266,10465,SDSSJ112647.94+422116.2,A
139.0,slitA139_SDSSJ112653.28+421959.1t100931.fits,show,0.6825,0.682,,171.722012,42.333086,358,22.563459396362305,471,SDSSJ112653.28+421959.1,A
139.0,slitA139_SDSSJ112653.28+421959.1t100931.fits,show,0.6825,0.682,,171.722012,42.333086,916,22.563459396362305,10476,SDSSJ112653.28+421959.1,A
140.0,slitA140_SDSSJ112653.28+421959.1t100932.fits,similar to before,0.6825,0.6825,,171.722012,42.333086,358,22.563459396362305,471,SDSSJ112653.28+421959.1,A
140.0,slitA140_SDSSJ112653.28+421959.1t100932.fits,similar to before,0.6825,0.6825,,171.722012,42.333086,916,22.563459396362305,10476,SDSSJ112653.28+421959.1,A
141.0,slitA141_SDSSJ112633.12+422351.5t100933.fits,show,0.28,0.28,,171.638011,42.397647,662,20.48426055908203,3128,SDSSJ112633.12+422351.5,A
142.0,slitA142_SDSSJ112633.47+422336.1t100934.fits,,?,?,,171.639477,42.393384,659,21.258529663085938,3125,SDSSJ112633.47+422336.1,A
143.0,slitA143_SDSSJ112636.34+422250.5t100935.fits,,?,?,,171.651449,42.380722,677,22.623380661010746,3178,SDSSJ112636.34+422250.5,A
144.0,slitA144_SDSSJ112634.04+422307.6t100936.fits,,?,?,,171.641859,42.38546,639,19.52985954284668,2992,SDSSJ112634.04+422307.6,A
145.0,slitA145_SDSSJ112634.62+422250.3t100937.fits,show,0.1932,0.194,,171.64428,42.380662,643,18.858970642089844,2996,SDSSJ112634.62+422250.3,A
146.0,slitA146_SDSSJ112632.74+422301.2t100938.fits,show,0.3236,?,,171.63645,42.38367,646,24.281139373779297,3009,SDSSJ112632.74+422301.2,A
147.0,slitA147_SDSSJ112625.40+422417.8t100939.fits,show,0.3495,0.349,,171.605863,42.404972,637,22.755420684814453,2989,SDSSJ112625.40+422417.8,A
148.0,slitA148_SDSSJ112623.73+422427.6t100940.fits,,0.349,0.349,,171.598876,42.407679,648,20.39105987548828,3102,SDSSJ112623.73+422427.6,A
149.0,slitB001_SDSSJ112708.91+423720.0t100941,,?,?,,171.787139,42.622237,644,22.938329696655273,12956,SDSSJ112708.91+423720.0,B
150.0,slitB002_SDSSJ112707.04+423730.3t100942,,,?,,171.779359,42.625106,651,21.43963050842285,12979,SDSSJ112707.04+423730.3,B
151.0,slitB003_SDSSJ112652.35+424017.1t100943,,,?,,171.718155,42.671442,588,22.004899978637695,12764,SDSSJ112652.35+424017.1,B
152.0,slitB004_SDSSJ112645.40+424129.3t100944,,,?,,171.689205,42.691476,530,24.644250869750977,12644,SDSSJ112645.40+424129.3,B
153.0,slitB005_SDSSJ112640.10+424223.0t100945,,,?,,171.667112,42.706405,561,22.12017059326172,12713,SDSSJ112640.10+424223.0,B
154.0,slitB006_SDSSJ112702.21+423742.2t100946,,,?,,171.759233,42.628407,597,20.273269653320312,12804,SDSSJ112702.21+423742.2,B
155.0,slitB007_SDSSJ112647.12+424034.7t100947,0.2517,,0.25,,171.696361,42.676311,539,18.692110061645508,12670,SDSSJ112647.12+424034.7,B
156.0,slitB008_SDSSJ112703.61+423701.0t100948,,,?,,171.76505,42.616948,600,23.23969078063965,12807,SDSSJ112703.61+423701.0,B
157.0,slitB009_SDSSJ112659.45+423739.7t100949,,,?,,171.747742,42.627702,620,21.916589736938477,12887,SDSSJ112659.45+423739.7,B
158.0,slitB010_SDSSJ112650.80+423915.3t100950,,,?,,171.711702,42.654254,580,21.86408042907715,12753,SDSSJ112650.80+423915.3,B
159.0,slitB011_SDSSJ112645.43+424010.0t100951,,,?,,171.689333,42.669465,570,22.75050926208496,12725,SDSSJ112645.43+424010.0,B
160.0,slitB012_SDSSJ112650.28+423900.8t100952,,,?,,171.709516,42.650241,579,21.936220169067383,12749,SDSSJ112650.28+423900.8,B
161.0,slitB013_SDSSJ112649.65+423852.4t100953,,,?,,171.706898,42.647897,576,18.850759506225582,12741,SDSSJ112649.65+423852.4,B
162.0,slitB014_SDSSJ112656.15+423721.4t100954,?,,0.185,,171.733988,42.622638,418,22.02622985839844,11384,SDSSJ112656.15+423721.4,B
163.0,slitB015_SDSSJ112650.51+423816.4t100955,,,?,,171.710484,42.637914,616,22.259620666503903,12876,SDSSJ112650.51+423816.4,B
164.0,slitB016_SDSSJ112656.45+423653.2t100956,,,?,,171.735218,42.614801,471,23.775239944458008,11468,SDSSJ112656.45+423653.2,B
165.0,slitB017_SDSSJ112649.14+423812.1t100957,,,?,,171.704769,42.636714,615,22.141769409179688,12875,SDSSJ112649.14+423812.1,B
166.0,slitB018_SDSSJ112652.45+423720.5t100958,,,?,,171.718581,42.622363,415,20.794700622558594,11380,SDSSJ112652.45+423720.5,B
167.0,slitB019_SDSSJ112636.95+424019.2t100959,,,?,,171.653997,42.672005,606,21.21162986755371,12859,SDSSJ112636.95+424019.2,B
168.0,slitB020_SDSSJ112647.93+423754.2t100960,,,?,,171.699725,42.631745,451,21.95669937133789,11440,SDSSJ112647.93+423754.2,B
169.0,slitB021_SDSSJ112655.92+423606.0t100961,,,?,,171.733002,42.601671,472,24.92108917236328,11473,SDSSJ112655.92+423606.0,B
170.0,slitB022_SDSSJ112631.60+424052.7t100962,0.275,,0.274,,171.631697,42.681318,273,22.02927017211914,5857,SDSSJ112631.60+424052.7,B
170.0,slitB022_SDSSJ112631.60+424052.7t100962,0.275,,0.274,,171.631697,42.681318,974,22.02927017211914,16039,SDSSJ112631.60+424052.7,B
171.0,slitB023_SDSSJ112631.60+424052.7t100963,0.275,,0.274,,171.631697,42.681318,273,22.02927017211914,5857,SDSSJ112631.60+424052.7,B
171.0,slitB023_SDSSJ112631.60+424052.7t100963,0.275,,0.274,,171.631697,42.681318,974,22.02927017211914,16039,SDSSJ112631.60+424052.7,B
172.0,slitB024_SDSSJ112637.95+423923.9t100964,0.168,,0.147,,171.658147,42.656658,553,21.650190353393555,12699,SDSSJ112637.95+423923.9,B
173.0,slitB025_SDSSJ112631.34+424031.9t100965,,,?,,171.630594,42.675546,299,21.583890914916992,5899,SDSSJ112631.34+424031.9,B
173.0,slitB025_SDSSJ112631.34+424031.9t100965,,,?,,171.630594,42.675546,1000,21.583890914916992,16081,SDSSJ112631.34+424031.9,B
174.0,slitB026_SDSSJ112631.34+424031.9t100966,,,?,,171.630594,42.675546,299,21.583890914916992,5899,SDSSJ112631.34+424031.9,B
174.0,slitB026_SDSSJ112631.34+424031.9t100966,,,?,,171.630594,42.675546,1000,21.583890914916992,16081,SDSSJ112631.34+424031.9,B
175.0,slitB027_SDSSJ112655.44+423526.9t100967,,,?,,171.731038,42.590817,369,20.29998016357422,11333,SDSSJ112655.44+423526.9,B
176.0,slitB028_SDSSJ112637.25+423856.1t100968,,,?,,171.655246,42.648933,360,19.31464958190918,11324,SDSSJ112637.25+423856.1,B
177.0,slitB029_SDSSJ112650.99+423553.3t100969,,,?,,171.71246,42.598144,365,21.369600296020508,11329,SDSSJ112650.99+423553.3,B
178.0,slitB030_SDSSJ112644.87+423656.8t100970,,,?,,171.686965,42.615799,364,19.18972969055176,11328,SDSSJ112644.87+423656.8,B
179.0,slitB031_SDSSJ112634.56+423852.1t100971,0.2785,,0.2785,,171.64404,42.647823,286,19.739730834960938,5874,SDSSJ112634.56+423852.1,B
179.0,slitB031_SDSSJ112634.56+423852.1t100971,0.2785,,0.2785,,171.64404,42.647823,987,19.739730834960938,16056,SDSSJ112634.56+423852.1,B
180.0,slitB032_SDSSJ112634.56+423852.1t100972,0.2784,,0.278,,171.64404,42.647823,286,19.739730834960938,5874,SDSSJ112634.56+423852.1,B
180.0,slitB032_SDSSJ112634.56+423852.1t100972,0.2784,,0.278,,171.64404,42.647823,987,19.739730834960938,16056,SDSSJ112634.56+423852.1,B
181.0,slitB033_SDSSJ112643.59+423647.9t100973,?,,?,,171.681652,42.613306,362,17.029909133911133,11326,SDSSJ112643.59+423647.9,B
182.0,slitB034_SDSSJ112643.35+423634.8t100974,?,,0.1141,,171.680629,42.609684,363,21.493370056152344,11327,SDSSJ112643.35+423634.8,B
183.0,slitB035_SDSSJ112624.09+424018.6t100975,?,,?,,171.600408,42.671842,226,21.831640243530273,5752,SDSSJ112624.09+424018.6,B
183.0,slitB035_SDSSJ112624.09+424018.6t100975,?,,?,,171.600408,42.671842,926,21.831640243530273,15932,SDSSJ112624.09+424018.6,B
184.0,slitB036_SDSSJ112624.09+424018.6t100976,?,,?,,171.600408,42.671842,226,21.831640243530273,5752,SDSSJ112624.09+424018.6,B
184.0,slitB036_SDSSJ112624.09+424018.6t100976,?,,?,,171.600408,42.671842,926,21.831640243530273,15932,SDSSJ112624.09+424018.6,B
185.0,slitB037_SDSSJ112631.72+423835.1t100977,?,,?,,171.632179,42.643089,263,23.34453010559082,5837,SDSSJ112631.72+423835.1,B
185.0,slitB037_SDSSJ112631.72+423835.1t100977,?,,?,,171.632179,42.643089,964,23.34453010559082,16019,SDSSJ112631.72+423835.1,B
186.0,slitB038_SDSSJ112631.72+423835.1t100978,?,,?,,171.632179,42.643089,263,23.34453010559082,5837,SDSSJ112631.72+423835.1,B
186.0,slitB038_SDSSJ112631.72+423835.1t100978,?,,?,,171.632179,42.643089,964,23.34453010559082,16019,SDSSJ112631.72+423835.1,B
187.0,slitB039_SDSSJ112637.15+423718.5t100979,?,,?,,171.654803,42.621819,424,21.30904960632324,11413,SDSSJ112637.15+423718.5,B
188.0,slitB040_SDSSJ112631.79+423809.3t100980,?,,?,,171.632494,42.635939,260,19.34044075012207,5834,SDSSJ112631.79+423809.3,B
188.0,slitB040_SDSSJ112631.79+423809.3t100980,?,,?,,171.632494,42.635939,961,19.34044075012207,16016,SDSSJ112631.79+423809.3,B
189.0,slitB041_SDSSJ112631.79+423809.3t100981,?,,?,,171.632494,42.635939,260,19.34044075012207,5834,SDSSJ112631.79+423809.3,B
189.0,slitB041_SDSSJ112631.79+423809.3t100981,?,,?,,171.632494,42.635939,961,19.34044075012207,16016,SDSSJ112631.79+423809.3,B
190.0,slitB042_SDSSJ112635.64+423711.9t100982,?,,?,,171.648506,42.62,284,23.856300354003903,5871,SDSSJ112635.64+423711.9,B
190.0,slitB042_SDSSJ112635.64+423711.9t100982,?,,?,,171.648506,42.62,985,23.856300354003903,16053,SDSSJ112635.64+423711.9,B
191.0,slitB043_SDSSJ112635.64+423711.9t100983,?,,?,,171.648506,42.62,284,23.856300354003903,5871,SDSSJ112635.64+423711.9,B
191.0,slitB043_SDSSJ112635.64+423711.9t100983,?,,?,,171.648506,42.62,985,23.856300354003903,16053,SDSSJ112635.64+423711.9,B
192.0,slitB044_SDSSJ112626.95+423845.8t100984,?,,?,,171.612296,42.646067,149,20.212549209594727,5555,SDSSJ112626.95+423845.8,B
192.0,slitB044_SDSSJ112626.95+423845.8t100984,?,,?,,171.612296,42.646067,849,20.212549209594727,15734,SDSSJ112626.95+423845.8,B
193.0,slitB045_SDSSJ112626.95+423845.8t100985,0.213?,,0.213,,171.612296,42.646067,149,20.212549209594727,5555,SDSSJ112626.95+423845.8,B
193.0,slitB045_SDSSJ112626.95+423845.8t100985,0.213?,,0.213,,171.612296,42.646067,849,20.212549209594727,15734,SDSSJ112626.95+423845.8,B
194.0,slitB046_SDSSJ112641.98+423531.0t100986,?,,?,,171.674934,42.591958,463,23.15744972229004,11460,SDSSJ112641.98+423531.0,B
195.0,slitB047_SDSSJ112626.45+423830.1t100987,0,,0,,171.610228,42.641707,61,20.086170196533203,5288,SDSSJ112626.45+423830.1,B
195.0,slitB047_SDSSJ112626.45+423830.1t100987,0,,0,,171.610228,42.641707,761,20.086170196533203,15467,SDSSJ112626.45+423830.1,B
196.0,slitB048_SDSSJ112626.45+423830.1t100988,0,,0,,171.610228,42.641707,61,20.086170196533203,5288,SDSSJ112626.45+423830.1,B
196.0,slitB048_SDSSJ112626.45+423830.1t100988,0,,0,,171.610228,42.641707,761,20.086170196533203,15467,SDSSJ112626.45+423830.1,B
197.0,slitB049_SDSSJ112635.06+423633.6t100989,?,,?,,171.646106,42.609342,304,21.955169677734375,5904,SDSSJ112635.06+423633.6,B
197.0,slitB049_SDSSJ112635.06+423633.6t100989,?,,?,,171.646106,42.609342,1005,21.955169677734375,16086,SDSSJ112635.06+423633.6,B
198.0,slitB050_SDSSJ112635.06+423633.6t100990,?,,?,,171.646106,42.609342,304,21.955169677734375,5904,SDSSJ112635.06+423633.6,B
198.0,slitB050_SDSSJ112635.06+423633.6t100990,?,,?,,171.646106,42.609342,1005,21.955169677734375,16086,SDSSJ112635.06+423633.6,B
199.0,slitB051_SDSSJ112636.00+423611.4t100991,?,,?,,171.650003,42.603173,307,22.564170837402344,5910,SDSSJ112636.00+423611.4,B
199.0,slitB051_SDSSJ112636.00+423611.4t100991,?,,?,,171.650003,42.603173,1008,22.564170837402344,16092,SDSSJ112636.00+423611.4,B
200.0,slitB052_SDSSJ112636.00+423611.4t100992,?,,?,,171.650003,42.603173,307,22.564170837402344,5910,SDSSJ112636.00+423611.4,B
200.0,slitB052_SDSSJ112636.00+423611.4t100992,?,,?,,171.650003,42.603173,1008,22.564170837402344,16092,SDSSJ112636.00+423611.4,B
201.0,slitB053_SDSSJ112630.52+423708.2t100993,?,,?,,171.627181,42.618961,248,21.79361915588379,5810,SDSSJ112630.52+423708.2,B
201.0,slitB053_SDSSJ112630.52+423708.2t100993,?,,?,,171.627181,42.618961,949,21.79361915588379,15992,SDSSJ112630.52+423708.2,B
202.0,slitB054_SDSSJ112630.52+423708.2t100994,?,,?,,171.627181,42.618961,248,21.79361915588379,5810,SDSSJ112630.52+423708.2,B
202.0,slitB054_SDSSJ112630.52+423708.2t100994,?,,?,,171.627181,42.618961,949,21.79361915588379,15992,SDSSJ112630.52+423708.2,B
203.0,slitB055_SDSSJ112628.85+423717.6t100995,?,,?,,171.62024,42.621583,151,20.76972007751465,5557,SDSSJ112628.85+423717.6,B
203.0,slitB055_SDSSJ112628.85+423717.6t100995,?,,?,,171.62024,42.621583,851,20.76972007751465,15736,SDSSJ112628.85+423717.6,B
204.0,slitB056_SDSSJ112628.85+423717.6t100996,?,,?,,171.62024,42.621583,151,20.76972007751465,5557,SDSSJ112628.85+423717.6,B
204.0,slitB056_SDSSJ112628.85+423717.6t100996,?,,?,,171.62024,42.621583,851,20.76972007751465,15736,SDSSJ112628.85+423717.6,B
205.0,slitB057_SDSSJ112622.23+423828.3t100997,?,,?,,171.592629,42.6412,130,22.34370994567871,5522,SDSSJ112622.23+423828.3,B
205.0,slitB057_SDSSJ112622.23+423828.3t100997,?,,?,,171.592629,42.6412,830,22.34370994567871,15701,SDSSJ112622.23+423828.3,B
206.0,slitB058_SDSSJ112622.23+423828.3t100998,?,,?,,171.592629,42.6412,130,22.34370994567871,5522,SDSSJ112622.23+423828.3,B
206.0,slitB058_SDSSJ112622.23+423828.3t100998,?,,?,,171.592629,42.6412,830,22.34370994567871,15701,SDSSJ112622.23+423828.3,B
207.0,slitB059_SDSSJ112623.31+423802.8t100999,?,,?,,171.597134,42.634121,185,21.498010635375977,5656,SDSSJ112623.31+423802.8,B
207.0,slitB059_SDSSJ112623.31+423802.8t100999,?,,?,,171.597134,42.634121,885,21.498010635375977,15835,SDSSJ112623.31+423802.8,B
208.0,slitB060_SDSSJ112623.31+423802.8t101000,?,,?,,171.597134,42.634121,185,21.498010635375977,5656,SDSSJ112623.31+423802.8,B
208.0,slitB060_SDSSJ112623.31+423802.8t101000,?,,?,,171.597134,42.634121,885,21.498010635375977,15835,SDSSJ112623.31+423802.8,B
209.0,slitB061_SDSSJ112639.72+423429.2t101001,?,,?,,171.665532,42.57478,425,22.54871940612793,11414,SDSSJ112639.72+423429.2,B
210.0,slitB062_SDSSJ112636.69+423455.4t101002,?,,?,,171.652916,42.582059,6,21.968889236450195,1420,SDSSJ112636.69+423455.4,B
211.0,slitB063_SDSSJ112626.10+423653.2t101003,?,,?,,171.608765,42.614804,142,21.491939544677734,5541,SDSSJ112626.10+423653.2,B
211.0,slitB063_SDSSJ112626.10+423653.2t101003,?,,?,,171.608765,42.614804,842,21.491939544677734,15720,SDSSJ112626.10+423653.2,B
212.0,slitB064_SDSSJ112626.10+423653.2t101004,?,,?,,171.608765,42.614804,142,21.491939544677734,5541,SDSSJ112626.10+423653.2,B
212.0,slitB064_SDSSJ112626.10+423653.2t101004,?,,?,,171.608765,42.614804,842,21.491939544677734,15720,SDSSJ112626.10+423653.2,B
213.0,slitB065_SDSSJ112632.18+423525.9t101005,?,,?,,171.63409,42.590532,249,23.567079544067383,5811,SDSSJ112632.18+423525.9,B
213.0,slitB065_SDSSJ112632.18+423525.9t101005,?,,?,,171.63409,42.590532,950,23.567079544067383,15993,SDSSJ112632.18+423525.9,B
214.0,slitB066_SDSSJ112632.18+423525.9t101006,?,,?,,171.63409,42.590532,249,23.567079544067383,5811,SDSSJ112632.18+423525.9,B
214.0,slitB066_SDSSJ112632.18+423525.9t101006,?,,?,,171.63409,42.590532,950,23.567079544067383,15993,SDSSJ112632.18+423525.9,B
215.0,slitB067_SDSSJ112616.13+423828.4t101007,?,,?,,171.567246,42.641232,108,22.28045082092285,5486,SDSSJ112616.13+423828.4,B
215.0,slitB067_SDSSJ112616.13+423828.4t101007,?,,?,,171.567246,42.641232,808,22.28045082092285,15665,SDSSJ112616.13+423828.4,B
216.0,slitB068_SDSSJ112616.13+423828.4t101008,?,,?,,171.567246,42.641232,108,22.28045082092285,5486,SDSSJ112616.13+423828.4,B
216.0,slitB068_SDSSJ112616.13+423828.4t101008,?,,?,,171.567246,42.641232,808,22.28045082092285,15665,SDSSJ112616.13+423828.4,B
217.0,slitB069_SDSSJ112619.89+423731.1t101009,?,,?,,171.582905,42.625328,231,24.3533992767334,5772,SDSSJ112619.89+423731.1,B
217.0,slitB069_SDSSJ112619.89+423731.1t101009,?,,?,,171.582905,42.625328,931,24.3533992767334,15952,SDSSJ112619.89+423731.1,B
218.0,slitB070_SDSSJ112619.89+423731.1t101010,?,,?,,171.582905,42.625328,231,24.3533992767334,5772,SDSSJ112619.89+423731.1,B
218.0,slitB070_SDSSJ112619.89+423731.1t101010,?,,?,,171.582905,42.625328,931,24.3533992767334,15952,SDSSJ112619.89+423731.1,B
219.0,slitB071_SDSSJ112628.52+423535.1t101011,0.356,,0.356,,171.618873,42.59309,147,19.91526985168457,5551,SDSSJ112628.52+423535.1,B
219.0,slitB071_SDSSJ112628.52+423535.1t101011,0.356,,0.356,,171.618873,42.59309,847,19.91526985168457,15730,SDSSJ112628.52+423535.1,B
220.0,slitB072_SDSSJ112628.52+423535.1t101012,0.356,,0.356,,171.618873,42.59309,147,19.91526985168457,5551,SDSSJ112628.52+423535.1,B
220.0,slitB072_SDSSJ112628.52+423535.1t101012,0.356,,0.356,,171.618873,42.59309,847,19.91526985168457,15730,SDSSJ112628.52+423535.1,B
221.0,slitB073_SDSSJ112639.67+423304.7t101013,?,,?,,171.665317,42.551327,481,21.25217056274414,12042,SDSSJ112639.67+423304.7,B
222.0,slitB074_SDSSJ112635.76+423342.5t101014,?,,?,,171.649016,42.561814,27,21.380050659179688,1807,SDSSJ112635.76+423342.5,B
223.0,slitB075_SDSSJ112637.84+423305.8t101015,?,,?,,171.657688,42.551632,30,20.12727928161621,1810,SDSSJ112637.84+423305.8,B
224.0,slitB076_SDSSJ112631.64+423410.5t101016,?,,?,,171.631845,42.569597,1,24.075950622558594,1415,SDSSJ112631.64+423410.5,B
225.0,slitB077_SDSSJ112622.17+423552.7t101017,0,,0,,171.592375,42.597998,121,21.640840530395508,5510,SDSSJ112622.17+423552.7,B
225.0,slitB077_SDSSJ112622.17+423552.7t101017,0,,0,,171.592375,42.597998,821,21.640840530395508,15689,SDSSJ112622.17+423552.7,B
226.0,slitB078_SDSSJ112622.17+423552.7t101018,0,,0,,171.592375,42.597998,121,21.640840530395508,5510,SDSSJ112622.17+423552.7,B
226.0,slitB078_SDSSJ112622.17+423552.7t101018,0,,0,,171.592375,42.597998,821,21.640840530395508,15689,SDSSJ112622.17+423552.7,B
227.0,slitB079_SDSSJ112636.97+423238.9t101019,?,,?,,171.65408,42.544151,37,21.85707092285156,1818,SDSSJ112636.97+423238.9,B
228.0,slitB080_SDSSJ112630.62+423346.3t101020,?,,?,,171.627618,42.562865,35,22.271230697631836,1816,SDSSJ112630.62+423346.3,B
229.0,slitB081_SDSSJ112613.97+423659.6t101021,0.292,,0.358,,171.558223,42.616572,99,21.105180740356445,5464,SDSSJ112613.97+423659.6,B
229.0,slitB081_SDSSJ112613.97+423659.6t101021,0.292,,0.358,,171.558223,42.616572,799,21.105180740356445,15643,SDSSJ112613.97+423659.6,B
230.0,slitB082_SDSSJ112613.97+423659.6t101022,0.292,,0.3575,,171.558223,42.616572,99,21.105180740356445,5464,SDSSJ112613.97+423659.6,B
230.0,slitB082_SDSSJ112613.97+423659.6t101022,0.292,,0.3575,,171.558223,42.616572,799,21.105180740356445,15643,SDSSJ112613.97+423659.6,B
231.0,slitB083_SDSSJ112629.55+423335.5t101023,?,,?,,171.623166,42.559868,17,22.000160217285156,1797,SDSSJ112629.55+423335.5,B
232.0,slitB084_SDSSJ112625.76+423411.7t101024,?,,?,,171.607347,42.569944,128,22.149229049682617,5520,SDSSJ112625.76+423411.7,B
232.0,slitB084_SDSSJ112625.76+423411.7t101024,?,,?,,171.607347,42.569944,828,22.149229049682617,15699,SDSSJ112625.76+423411.7,B
233.0,slitB085_SDSSJ112625.76+423411.7t101025,?,,?,,171.607347,42.569944,128,22.149229049682617,5520,SDSSJ112625.76+423411.7,B
233.0,slitB085_SDSSJ112625.76+423411.7t101025,?,,?,,171.607347,42.569944,828,22.149229049682617,15699,SDSSJ112625.76+423411.7,B
234.0,slitB086_SDSSJ112610.75+423704.6t101026,?,,?,,171.544817,42.617948,91,21.442319869995117,5447,SDSSJ112610.75+423704.6,B
234.0,slitB086_SDSSJ112610.75+423704.6t101026,?,,?,,171.544817,42.617948,791,21.442319869995117,15626,SDSSJ112610.75+423704.6,B
235.0,slitB087_SDSSJ112610.75+423704.6t101027,?,,?,,171.544817,42.617948,91,21.442319869995117,5447,SDSSJ112610.75+423704.6,B
235.0,slitB087_SDSSJ112610.75+423704.6t101027,?,,?,,171.544817,42.617948,791,21.442319869995117,15626,SDSSJ112610.75+423704.6,B
236.0,slitB088_SDSSJ112609.26+423712.1t101028,?,,?,,171.53861,42.620037,228,24.225120544433594,5766,SDSSJ112609.26+423712.1,B
236.0,slitB088_SDSSJ112609.26+423712.1t101028,?,,?,,171.53861,42.620037,928,24.225120544433594,15946,SDSSJ112609.26+423712.1,B
237.0,slitB089_SDSSJ112609.26+423712.1t101029,?,,?,,171.53861,42.620037,228,24.225120544433594,5766,SDSSJ112609.26+423712.1,B
237.0,slitB089_SDSSJ112609.26+423712.1t101029,?,,?,,171.53861,42.620037,928,24.225120544433594,15946,SDSSJ112609.26+423712.1,B
238.0,slitB090_SDSSJ112624.57+423352.1t101030,?,,?,,171.602394,42.564482,180,23.36928939819336,5644,SDSSJ112624.57+423352.1,B
238.0,slitB090_SDSSJ112624.57+423352.1t101030,?,,?,,171.602394,42.564482,880,23.36928939819336,15823,SDSSJ112624.57+423352.1,B
239.0,slitB091_SDSSJ112624.57+423352.1t101031,?,,?,,171.602394,42.564482,180,23.36928939819336,5644,SDSSJ112624.57+423352.1,B
239.0,slitB091_SDSSJ112624.57+423352.1t101031,?,,?,,171.602394,42.564482,880,23.36928939819336,15823,SDSSJ112624.57+423352.1,B
240.0,slitB092_SDSSJ112619.44+423443.1t101032,?,,?,,171.581041,42.578649,107,19.748029708862305,5485,SDSSJ112619.44+423443.1,B
240.0,slitB092_SDSSJ112619.44+423443.1t101032,?,,?,,171.581041,42.578649,807,19.748029708862305,15664,SDSSJ112619.44+423443.1,B
241.0,slitB093_SDSSJ112619.44+423443.1t101033,?,,0.243,,171.581041,42.578649,107,19.748029708862305,5485,SDSSJ112619.44+423443.1,B
241.0,slitB093_SDSSJ112619.44+423443.1t101033,?,,0.243,,171.581041,42.578649,807,19.748029708862305,15664,SDSSJ112619.44+423443.1,B
242.0,slitB094_SDSSJ112614.97+423527.6t101034,?,,?,,171.56238,42.591001,97,22.96834945678711,5462,SDSSJ112614.97+423527.6,B
242.0,slitB094_SDSSJ112614.97+423527.6t101034,?,,?,,171.56238,42.591001,797,22.96834945678711,15641,SDSSJ112614.97+423527.6,B
243.0,slitB095_SDSSJ112614.97+423527.6t101035,?,,?,,171.56238,42.591001,97,22.96834945678711,5462,SDSSJ112614.97+423527.6,B
243.0,slitB095_SDSSJ112614.97+423527.6t101035,?,,?,,171.56238,42.591001,797,22.96834945678711,15641,SDSSJ112614.97+423527.6,B
244.0,slitB096_SDSSJ112617.19+423449.2t101036,?,,?,,171.571642,42.580352,215,22.22929000854492,5731,SDSSJ112617.19+423449.2,B
244.0,slitB096_SDSSJ112617.19+423449.2t101036,?,,?,,171.571642,42.580352,915,22.22929000854492,15911,SDSSJ112617.19+423449.2,B
245.0,slitB097_SDSSJ112617.19+423449.2t101037,?,,?,,171.571642,42.580352,215,22.22929000854492,5731,SDSSJ112617.19+423449.2,B
245.0,slitB097_SDSSJ112617.19+423449.2t101037,?,,?,,171.571642,42.580352,915,22.22929000854492,15911,SDSSJ112617.19+423449.2,B
246.0,slitB098_SDSSJ112613.64+423522.4t101038,?,,?,,171.556844,42.589569,93,22.835920333862305,5454,SDSSJ112613.64+423522.4,B
246.0,slitB098_SDSSJ112613.64+423522.4t101038,?,,?,,171.556844,42.589569,793,22.835920333862305,15633,SDSSJ112613.64+423522.4,B
247.0,slitB099_SDSSJ112613.64+423522.4t101039,?,,?,,171.556844,42.589569,93,22.835920333862305,5454,SDSSJ112613.64+423522.4,B
247.0,slitB099_SDSSJ112613.64+423522.4t101039,?,,?,,171.556844,42.589569,793,22.835920333862305,15633,SDSSJ112613.64+423522.4,B
248.0,slitB100_SDSSJ112616.59+423435.6t101040,?,,?,,171.569145,42.576565,212,22.37104034423828,5727,SDSSJ112616.59+423435.6,B
248.0,slitB100_SDSSJ112616.59+423435.6t101040,?,,?,,171.569145,42.576565,912,22.37104034423828,15907,SDSSJ112616.59+423435.6,B
249.0,slitB101_SDSSJ112616.59+423435.6t101041,?,,?,,171.569145,42.576565,212,22.37104034423828,5727,SDSSJ112616.59+423435.6,B
249.0,slitB101_SDSSJ112616.59+423435.6t101041,?,,?,,171.569145,42.576565,912,22.37104034423828,15907,SDSSJ112616.59+423435.6,B
250.0,slitB102_SDSSJ112618.08+423403.2t101042,?,,?,,171.575373,42.567573,47,23.666330337524418,5254,SDSSJ112618.08+423403.2,B
250.0,slitB102_SDSSJ112618.08+423403.2t101042,?,,?,,171.575373,42.567573,747,23.666330337524418,15433,SDSSJ112618.08+423403.2,B
251.0,slitB103_SDSSJ112618.08+423403.2t101043,?,,?,,171.575373,42.567573,47,23.666330337524418,5254,SDSSJ112618.08+423403.2,B
251.0,slitB103_SDSSJ112618.08+423403.2t101043,?,,?,,171.575373,42.567573,747,23.666330337524418,15433,SDSSJ112618.08+423403.2,B
252.0,slitB104_SDSSJ112619.52+423334.0t101044,0.275,,0.275,,171.581339,42.55946,331,20.78251075744629,6963,SDSSJ112619.52+423334.0,B
252.0,slitB104_SDSSJ112619.52+423334.0t101044,0.275,,0.275,,171.581339,42.55946,1032,20.78251075744629,17095,SDSSJ112619.52+423334.0,B
253.0,slitB105_SDSSJ112619.52+423334.0t101045,0.275,,0.275,,171.581339,42.55946,331,20.78251075744629,6963,SDSSJ112619.52+423334.0,B
253.0,slitB105_SDSSJ112619.52+423334.0t101045,0.275,,0.275,,171.581339,42.55946,1032,20.78251075744629,17095,SDSSJ112619.52+423334.0,B
254.0,slitB106_SDSSJ112615.35+423410.6t101046,?,,?,,171.563979,42.569612,210,22.81587028503418,5725,SDSSJ112615.35+423410.6,B
254.0,slitB106_SDSSJ112615.35+423410.6t101046,?,,?,,171.563979,42.569612,910,22.81587028503418,15905,SDSSJ112615.35+423410.6,B
255.0,slitB107_SDSSJ112615.35+423410.6t101047,?,,?,,171.563979,42.569612,210,22.81587028503418,5725,SDSSJ112615.35+423410.6,B
255.0,slitB107_SDSSJ112615.35+423410.6t101047,?,,?,,171.563979,42.569612,910,22.81587028503418,15905,SDSSJ112615.35+423410.6,B
256.0,slitB108_SDSSJ112610.70+423455.8t101048,?,,0.594,,171.54459,42.582182,81,22.47529983520508,5434,SDSSJ112610.70+423455.8,B
256.0,slitB108_SDSSJ112610.70+423455.8t101048,?,,0.594,,171.54459,42.582182,781,22.47529983520508,15613,SDSSJ112610.70+423455.8,B
257.0,slitB109_SDSSJ112610.70+423455.8t101049,?,,0.594,,171.54459,42.582182,81,22.47529983520508,5434,SDSSJ112610.70+423455.8,B
257.0,slitB109_SDSSJ112610.70+423455.8t101049,?,,0.594,,171.54459,42.582182,781,22.47529983520508,15613,SDSSJ112610.70+423455.8,B
258.0,slitB110_SDSSJ112611.42+423432.2t101050,?,,?,,171.547594,42.575618,207,22.729990005493164,5721,SDSSJ112611.42+423432.2,B
258.0,slitB110_SDSSJ112611.42+423432.2t101050,?,,?,,171.547594,42.575618,907,22.729990005493164,15901,SDSSJ112611.42+423432.2,B
259.0,slitB111_SDSSJ112611.42+423432.2t101051,0.465,,?,,171.547594,42.575618,207,22.729990005493164,5721,SDSSJ112611.42+423432.2,B
259.0,slitB111_SDSSJ112611.42+423432.2t101051,0.465,,?,,171.547594,42.575618,907,22.729990005493164,15901,SDSSJ112611.42+423432.2,B
260.0,slitB112_SDSSJ112606.74+423518.8t101052,?,,?,,171.528109,42.588571,203,22.779260635375977,5712,SDSSJ112606.74+423518.8,B
260.0,slitB112_SDSSJ112606.74+423518.8t101052,?,,?,,171.528109,42.588571,903,22.779260635375977,15891,SDSSJ112606.74+423518.8,B
261.0,slitB113_SDSSJ112606.74+423518.8t101053,?,,?,,171.528109,42.588571,203,22.779260635375977,5712,SDSSJ112606.74+423518.8,B
261.0,slitB113_SDSSJ112606.74+423518.8t101053,?,,?,,171.528109,42.588571,903,22.779260635375977,15891,SDSSJ112606.74+423518.8,B
262.0,slitB114_SDSSJ112604.71+423528.0t101054,?,,?,,171.51965,42.591128,159,21.817380905151367,5596,SDSSJ112604.71+423528.0,B
262.0,slitB114_SDSSJ112604.71+423528.0t101054,?,,?,,171.51965,42.591128,859,21.817380905151367,15775,SDSSJ112604.71+423528.0,B
263.0,slitB115_SDSSJ112604.71+423528.0t101055,?,,?,,171.51965,42.591128,159,21.817380905151367,5596,SDSSJ112604.71+423528.0,B
263.0,slitB115_SDSSJ112604.71+423528.0t101055,?,,?,,171.51965,42.591128,859,21.817380905151367,15775,SDSSJ112604.71+423528.0,B
264.0,slitB116_SDSSJ112605.69+423502.4t101056,0.3475,,0.3475,,171.523715,42.584007,75,19.77070999145508,5414,SDSSJ112605.69+423502.4,B
264.0,slitB116_SDSSJ112605.69+423502.4t101056,0.3475,,0.3475,,171.523715,42.584007,775,19.77070999145508,15593,SDSSJ112605.69+423502.4,B
265.0,slitB117_SDSSJ112605.69+423502.4t101057,0.3475,,0.3475,,171.523715,42.584007,75,19.77070999145508,5414,SDSSJ112605.69+423502.4,B
265.0,slitB117_SDSSJ112605.69+423502.4t101057,0.3475,,0.3475,,171.523715,42.584007,775,19.77070999145508,15593,SDSSJ112605.69+423502.4,B
266.0,slitB118_SDSSJ112603.29+423516.3t101058,?,,?,,171.513713,42.587867,41,22.87416076660156,5247,SDSSJ112603.29+423516.3,B
266.0,slitB118_SDSSJ112603.29+423516.3t101058,?,,?,,171.513713,42.587867,739,22.87416076660156,15424,SDSSJ112603.29+423516.3,B
267.0,slitB119_SDSSJ112603.29+423516.3t101059,?,,?,,171.513713,42.587867,41,22.87416076660156,5247,SDSSJ112603.29+423516.3,B
267.0,slitB119_SDSSJ112603.29+423516.3t101059,?,,?,,171.513713,42.587867,739,22.87416076660156,15424,SDSSJ112603.29+423516.3,B
268.0,slitB120_SDSSJ112558.97+423558.6t101060,0.6064,,0.6085,,171.495727,42.599631,201,22.264280319213867,5706,SDSSJ112558.97+423558.6,B
268.0,slitB120_SDSSJ112558.97+423558.6t101060,0.6064,,0.6085,,171.495727,42.599631,901,22.264280319213867,15885,SDSSJ112558.97+423558.6,B
269.0,slitB121_SDSSJ112558.97+423558.6t101061,maybe 0.6084,,0.6085,,171.495727,42.599631,201,22.264280319213867,5706,SDSSJ112558.97+423558.6,B
269.0,slitB121_SDSSJ112558.97+423558.6t101061,maybe 0.6084,,0.6085,,171.495727,42.599631,901,22.264280319213867,15885,SDSSJ112558.97+423558.6,B
270.0,slitB122_SDSSJ112558.13+423541.8t101062,0.358,,0.358,,171.492216,42.594959,69,19.72496032714844,5373,SDSSJ112558.13+423541.8,B
270.0,slitB122_SDSSJ112558.13+423541.8t101062,0.358,,0.358,,171.492216,42.594959,769,19.72496032714844,15552,SDSSJ112558.13+423541.8,B
271.0,slitB123_SDSSJ112558.13+423541.8t101063,0.358,,0.358,,171.492216,42.594959,69,19.72496032714844,5373,SDSSJ112558.13+423541.8,B
271.0,slitB123_SDSSJ112558.13+423541.8t101063,0.358,,0.358,,171.492216,42.594959,769,19.72496032714844,15552,SDSSJ112558.13+423541.8,B
272.0,slitB124_SDSSJ112605.78+423335.5t101064,?,,?,,171.524104,42.559889,517,23.502819061279297,12624,SDSSJ112605.78+423335.5,B
273.0,slitB125_SDSSJ112604.30+423342.8t101065,?,,?,,171.517941,42.561915,513,22.306720733642575,12620,SDSSJ112604.30+423342.8,B
274.0,slitB126_SDSSJ112607.10+423253.5t101066,0.341,,0.341,,171.529623,42.548195,663,20.314760208129883,13222,SDSSJ112607.10+423253.5,B
275.0,slitB127_SDSSJ112602.01+423341.4t101067,?,,?,,171.508393,42.561515,508,21.610889434814453,12615,SDSSJ112602.01+423341.4,B
276.0,slitB128_SDSSJ112600.47+423340.5t101068,0.3408,,0.274,,171.501969,42.561277,506,22.503820419311523,12613,SDSSJ112600.47+423340.5,B
277.0,slitB129_SDSSJ112602.18+423306.5t101069,?,,?,,171.50911,42.551825,723,22.176870346069336,13408,SDSSJ112602.18+423306.5,B
278.0,slitB130_SDSSJ112605.62+423214.3t101070,?,,?,,171.523436,42.537328,702,19.81114959716797,13344,SDSSJ112605.62+423214.3,B
279.0,slitB131_SDSSJ112600.08+423311.7t101071,0.1083,,?,,171.500372,42.553262,505,20.317760467529297,12612,SDSSJ112600.08+423311.7,B
280.0,slitB132_SDSSJ112605.06+423159.8t101072,0.138,,0.179,,171.521092,42.533305,724,22.240299224853516,13409,SDSSJ112605.06+423159.8,B
281.0,slitB133_SDSSJ112600.05+423247.4t101073,?,,?,,171.500245,42.54651,721,22.041419982910156,13406,SDSSJ112600.05+423247.4,B
282.0,slitB134_SDSSJ112557.32+423307.6t101074,?,,0.448,,171.488845,42.552117,511,22.207660675048828,12618,SDSSJ112557.32+423307.6,B
283.0,slitB135_SDSSJ112607.93+423041.3t101075,?,,?,,171.533047,42.511476,704,21.81464958190918,13346,SDSSJ112607.93+423041.3,B
284.0,slitB136_SDSSJ112602.70+423134.4t101076,?,,?,,171.51129,42.526237,722,22.13884925842285,13407,SDSSJ112602.70+423134.4,B
285.0,slitB137_SDSSJ112601.85+423130.6t101077,?,,?,,171.507713,42.525167,685,20.19116973876953,13326,SDSSJ112601.85+423130.6,B
286.0,slitB138_SDSSJ112603.13+423103.3t101078,0.38517,,0.385,,171.513065,42.517597,688,21.309289932250977,13329,SDSSJ112603.13+423103.3,B
287.0,slitB139_SDSSJ112556.29+423212.8t101079,?,,?,,171.484573,42.536895,676,22.498510360717773,13304,SDSSJ112556.29+423212.8,B
288.0,slitB140_SDSSJ112554.09+423228.5t101080,0.3376,,0.338,,171.475406,42.541278,672,21.461889266967773,13294,SDSSJ112554.09+423228.5,B
289.0,slitB141_SDSSJ112607.58+422926.1t101081,?,,0.114,,171.531622,42.490586,700,21.569639205932617,13342,SDSSJ112607.58+422926.1,B
290.0,slitB142_SDSSJ112608.53+422858.4t101082,?,,?,,171.535559,42.482892,703,21.377140045166016,13345,SDSSJ112608.53+422858.4,B
291.0,slitB143_SDSSJ112603.65+422947.1t101083,?,,?,,171.515224,42.496425,686,21.964820861816406,13327,SDSSJ112603.65+422947.1,B
292.0,slitB144_SDSSJ112601.02+423007.2t101084,?,,?,,171.504262,42.502027,735,24.614669799804688,13442,SDSSJ112601.02+423007.2,B
293.0,slitB145_SDSSJ112557.05+423044.5t101085,?,,?,,171.487745,42.512378,658,21.184629440307617,13217,SDSSJ112557.05+423044.5,B
294.0,slitB146_SDSSJ112558.20+423018.7t101086,?,,?,,171.4925,42.505218,715,22.83987045288086,13398,SDSSJ112558.20+423018.7,B
295.0,slitB147_SDSSJ112601.02+422933.5t101087,?,,?,,171.50429,42.49266,681,23.412410736083984,13318,SDSSJ112601.02+422933.5,B
296.0,slitB148_SDSSJ112550.58+423128.6t101088.fits,?,,0.3655,,171.460786,42.524618,665,21.28326988220215,13264,SDSSJ112550.58+423128.6,B
297.0,slitB149_SDSSJ112556.54+423003.4t101089.fits,0.175,,0.175,,171.485584,42.500958,654,22.45380973815918,13206,SDSSJ112556.54+423003.4,B
